vehiculo_marca,vehiculo_modelo,vehiculo_tipo,vehiculo_traccion,vehiculo_id_motor,vehiculo_cilindrada,vehiculo_potencia,vehiculo_tipo_transmision,vehiculo_tipo_combustible,vehiculo_standard_emision,lca_numero,fecha_firma,ensayo_gei_numero,ensayo_gei_laboratorio,emision_CO2,consumo_urbano,consumo_extraurbano,consumo_mixto,id_etiqueta
MERCEDES-BENZ,C 300 e,SEDÁN 4 PUERTAS,4x2,MERCEDES-BENZ 274.920 / EM motive EM0012,1991,155,AUTOMATICA,ELECTRICIDAD,408,,9/8/2019,42.04.1449.00,TÜV NORD Mobilität,155,2,4,2.3,2.3
MERCEDES-BENZ,E 300 e,SEDÁN 4 PUERTAS,4x2,MERCEDES-BENZ 274.920 / EM-motive EM0012,1991,155,AUTOMATICA,ELECTRICIDAD,411,,9/8/2019,42.04.1449.00,TÜV NORD Mobilität,152,2,4,2.3,2.3
TOYOTA,RAV4,SUV,4x4,TOYOTA A25A-FXS / TOYOTA 3NM (DELANTERO) - 4NM (TRASERO),2487,,AUTOMATICA,ELECTRICIDAD,260,,28/03/2019,H1860670248/509,VINÇOTTE nv,130,6,5.11,4.85,4.83
PEUGEOT / CITROËN,301 / C-ELYSÉE ,BERLINA 4 PUERTAS,4X2,PEUGEOT / CITROËN DV6TED (9HP) ,1560,,MANUAL,GAS OIL,EURO V,,18/08/2016,13/08906,UTAC,140,6,4.9,3.9,4.3
CITROËN,C4 LOUNGE,BERLINA 4 PUERTAS,4x2,PSA PEUGEOT CITROËN DV6C (9HD),1560,82,MANUAL,GAS OIL,EURO V,,16/05/2019,OT833,LCEGV,161.08,7,5.57,6.1,6.1
HONDA,PILOT,RURAL,4x2,HONDA J35Y6,3471,205,MANUAL,NAFTA,428,,1/8/2019,H1960552835/038,VINÇOTTE nv,238,7,12.8,9.8,9.8
HONDA,PILOT TOURING,RURAL,4x4,HONDA J35Y6,3471,205,MANUAL,NAFTA,430,,2/8/2019,H1960552835/038,VINÇOTTE nv,238,7,12.8,9.8,9.8
MERCEDES-BENZ,VITO 111 CDI,FURGÓN,4x2,RENAULT (MERCEDES-BENZ) R9M?502 (OM622),1598,84,AUTOMATICA,GAS OIL,416,,13/08/2019,42.04.527.00,TÜV NORD Mobilität,172.5,8,5.7,6.5,6.5
AUDI,A1 – A1 SPORTBACK,HATCHBACK 4 PUERTAS CON PORTÓN TRASERO,4x2,AUDI CZPC,1984,147,AUTOMATICA,NAFTA,EURO VI,895,26/07/2021,AUA5888B,ATE EL,143,8,5.3,6.3,6.3
FIAT,STRADA VOLCANO 1.3 CD (R16),PICK UP,4x2,FIAT 55282059,1332,73,MANUAL,NAFTA,EURO V,694,23/07/2020,2200154,FCA FIAT CHRYSLER AUTOMOVEIS BRASIL,163.2,9,5.9,7.1,7.1
VOLKSWAGEN,BEETLE,COUPÉ 2 PUERTAS,4x2,4x2,2000,1390,MANUAL,NAFTA,EURO V,,491,12/9/2019,11.06.1876.02,163.1,9,5.8,7,
RENAULT,SANDERO Ph2 1.6. SANDERO Ph2 GT Line 1.6 MANUAL,SEDÁN 5 PUERTAS,4x2,RENAULT H4M J 759,1598,82,AUTOMATICA,NAFTA,420,,26/07/2019,1-0060/19,DELPHI Technologies,162.72,9,5.74,6.95,6.95
RENAULT,LOGAN Ph2 1.6,SEDÁN 4 PUERTAS,4x2,RENAULT H4M J 759,1598,82,AUTOMATICA,NAFTA,422,,26/07/2019,1-0060/19,DELPHI Technologies,162.72,9,5.74,6.95,6.95
CHANGAN,CS55,RURAL,4x2,CHANGAN JL476ZQCD,1499,105,MANUAL,NAFTA,EURO V,,8/5/2019,CN18120249,IDIADA,172,9,2,6,7.2
JEEP,COMPASS TRAILHAWK 2.0 AT9,SUV,4x4,FIAT 46349508,1956,125,AUTOMATICA,GAS OIL,EURO V,853,6/4/2021,6210254,FCA FIAT CHRYSLER AUTOMOVEIS BRASIL,201.66,10,6.28,7.66,7.66
MITSUBISHI,L200 o TRITON,PICK UP,4x4,MITSUBISHI 4N15,2442,133,MANUAL,GAS OIL,EURO V,,6/5/2019,H1860156936/608,AIB-VINÇOTTE International n.v.,225,10,7.7,8.5,8.5
MITSUBISHI,L200 o TRITON,PICK UP,4x4,MITSUBISHI 4N15,2442,133,MANUAL,GAS OIL,EURO V,,29/04/2019,H1860156936/607,AIB-VINÇOTTE International n.v.,208,10,7.7,8.5,8.5
CHANGAN,CS35 PLUS,SEDÁN 5 PUERTAS,4x2,CHANGAN JL478QEP,1598,86,MANUAL,NAFTA,433,,2/8/2019,CN19010034 ,IDIADA,183,10,6.2,7.6,7.6
MERCEDES-BENZ,MERCEDES-AMG GLA 35 4MATIC,FAMILIAR,4x4,MERCEDES-BENZ 260.920,1991,225,AUTOMATICA,NAFTA,EURO VI,650,27/03/2020,42.04.1458.02,TÜV NORD,179,10,6.8,8,8
TOYOTA,LAND CRUISER 300,SUV,4x4,TOYOTA F33A.FTV,3346,227,AUTOMATICA,GAS OIL,EURO V,872,4/6/2021,H2160161643/1216 ,VINÇOTTE nv,231,11,7.5,8.8,8.8
FORD,F150 FHEV,PICK UP CABINA DOBLE,4x2, 4x4,1200,3497,AUTOMATICA,ELECTRICIDAD,EURO V,,861,22/04/2021,7249153,229,11,9.2,9.9,
FORD,TERITORY,SUV 5 PUERTAS,4x2,JMC 1.5 Ecoboost GTDI ,1490,105,MANUAL,NAFTA,EURO V,531,20/11/2019,CN19100188,IDIADA,208,11,7.3,8.7,8.7
VOLKSWAGEN,TOUAREG,SUV,4x4,4x4,1200,2995,AUTOMATICA,NAFTA,EURO V,,487,6/9/2019,42.06.1023.00,182.6,12,7.9,9.4,
CHEVROLET,TRAILBLAZER 2.8,SUV 4 PUERTAS CON PORTÓN TRASERO,4x2, 4x4,3000,2776,AUTOMATICA,GAS OIL,EURO V,,860,19/04/2021,US20120010,250,12,8.1,9.5,
FORD,RANGER,PICK UP CABINA SIMPLE,4x4,4x2,3000,2488,MANUAL,NAFTA,EURO  V,,410,25/07/2019,OST435932,264,15,9.3,11.4,
MERCEDES-BENZ,MERCEDES-AMG GLC 63 4MATIC+ / Mercedes-AMG GLC 63 S 4MATIC+,FAMILIAR 4 PUERTAS Y PORTÓN TRASERO,4x4,MERCEDES-BENZ 177.980,3982,350 / 375,AUTOMATICA,NAFTA,EURO VI,572,10/1/2020,42.04.1459.00,TÜV NORD,277,18,8.9,12.2,12.2
RENAULT,DUSTER OROCH 2.0 16v,CAMIONETA DE 4 PUERTAS,4x4,RENAULT F4R E4,1998,105,MANUAL,NAFTA,EURO V,,28/03/2018,2-0264/17,DELPHI,190,11.14,6.43,8.17,
AUDI,A1,SEDÁN 4 PUERTAS CON PORTÓN TRASERO,4x2,AUDI DADA,1498,110,MANUAL,NAFTA,EURO VI,,30/04/2019,AUA5706A,ATE-EL LUXEMBOURG,129.4,7.973,5.817,6.613,6.613
AUDI,A1,SEDÁN 4 PUERTAS CON PORTÓN TRASERO,4x2,AUDI DADA,1498,110,MANUAL,NAFTA,EURO VI,,9/5/2019,AUA5682A,ATE-EL LUXEMBOURG,123.58,9.039,6.125,7.085,7.085
VOLKSWAGEN,AMAROK,PICK UP 2 PUETAS CABINA SIMPLE,4x4,4x4,1200,1968,MANUAL,GAS OIL,EURO V,,15,9/3/2018,42.06.999.00,188.3,10.0,7.1,8.2,
HYUNDAI,TUCSON,SUV,4x4,HYUNDAI G4FJ,1591,,MANUAL,NAFTA,EURUO V,,3/5/2016,83-V039-44286-10,TÜV Rheinland,230,10.0,6.7,7.9,7.9
FIAT,ARGO PRECISION 1.8,BERLINA,4x2,FIAT 55273256,1747,,MANUAL,NAFTA,EURO V,,19/04/2017,17057,FCA FIAT CHRYSLER AUTOMOVEIS BRASIL,169.73,10.02,5.68,7.27,7.27
FIAT,ARGO HGT 1.8,BERLINA,4x2,FIAT 55273256,1747,,MANUAL,NAFTA,EURO V,,19/04/2017,17057,FCA FIAT CHRYSLER AUTOMOVEIS BRASIL,169.73,10.02,5.68,7.27,7.27
PEUGEOT,208,BERLINA 5 PUERTAS,4x2,PEUGEOT EC5 (NFP),1587,83,MANUAL,NAFTA,EURO V,,12/12/2017,R2-0175/17,DELPHI,173.72,10.04,5.92,7.44,7.44
KIA,CARNIVAL,FAMILIAR 7/8 PASAJEROS,4x2,HYUNDAI O KIA D4HB-5,2199,147,MANUAL,NAFTA,,,5/5/2015,KR14110070,IDIADA,220,10.07,6.50,7.82,7.82
PEUGEOT,5008,RURAL 5 PUERTAS,4x2,PEUGEOT EP6FDTM (5GY),1598,,MANUAL,NAFTA,EURO V,,19/07/2017,16/06627,UTAC,170.8,10.1,6.7,7.3,7.3
LIFAN,X50,SEDÁN 5 PUERTAS,4x2,LIFAN LF479Q2-B,1498,,MANUAL,NAFTA,EURO V,,3/7/2015,13-00377-CP-SHA-00,TÜV SÜD Auto Service,200,10.1,6.3,7.7,7.7
DOMY,X5,SEDÁN,4x2,MITSUBISHI 4A91T,1499,,MANUAL,NAFTA,EURO V,,17/08/2018,CN17040186 ,IDIADA,188,10.1,6.7,7.9,7.9
MERCEDES-BENZ,MERCEDES-AMG GLB 35 4MATIC,FAMILIAR,4x4,MERCEDES-BENZ 260.920,1991,225,AUTOMATICA,NAFTA,EURO VI,650,27/03/2020,42.04.1458.02,TÜV NORD,186,10.1,7.1,8.3,8.3
MERCEDES-BENZ,E 350,SEDÁN 4 PUERTAS,4x2,MERCEDES-BENZ 264.920 / BOSCH EM0018,1991,220,AUTOMATICA,ELECTRICIDAD,381,,28/05/2019,42.04.1441.00,TÜV NORD Mobilität,170,10.1,6.0,7.5,7.5
MERCEDES-BENZ,C 300,COUPÉ 2 PUERTAS,4x2,MERCEDES-BENZ 264.920,1991,,MANUAL,NAFTA,EURO VI b,,23/04/2019,42.04.1442.00,TÜV NORD Mobilität,168,10.1,5.8,7.4,7.4
VOLKSWAGEN,VIRTUS. VIRTUS GTS,SEDÁN 4 PUERTAS,4x2,VOLKSWAGEN DJS,1395,110,AUTOMATICA,NAFTA,EURO V,659,17/04/2020,BR20010029,IDIADA,168,10.1,5.5,7.2,7.2
CHANGAN,CS35,SEDÁN 5 PUERTAS,4x2,CHANGAN JL478QEE,1598,,AUTOMATICA,NAFTA,EURO V,,18/12/2018,CN18040605,IDIADA,166,10.1,5.1,7.0,7.0
FIAT,TORO FREEDOM 2.0 AT9. TORO VOLCANO 2.0 AT9,PICK UP,4x4,FCA 55261674,1956,125,AUTOMATICA,GAS OIL,EURO V,831,25/02/2021,6201635,FCA FIAT CHRYSLER AUTOMOVEIS BRASIL,212.61,10.11,6.89,8,8
HYUNDAI,SANTA FE HTRAC 2.2D,RURAL 5 PUERTAS -- TODOTERRENO,4x4,HYUNDAI D4HB,2199,,AUTOMATICA,GAS OIL,EURO V,,6/12/2018,KR18030163,IDIADA,203.70,10.16,6.33,7.74,7.74
PEUGEOT,208,BERLINA 5 PUERTAS,4x2,EC5 (NFP),1587,83,MANUAL,NAFTA,EURO V,,19/04/2018,R1-0220/17,DELPHI,173.77,10.17,5.84,7.44,7.44
DS,DS 9,BERLINA 4 PUERTAS,4x2,PSA EP6FADTXM (EGP),1598,158,AUTOMATICA,NAFTA,EURO VI,886,5/7/2021,21/00649,UTAC,173.3,10.2,5.8,7.4,7.4
KIA,CERATO. CERATO FORTE,SEDÁN 4 PUERTAS,4x2,HYUNDAI o KIA G4NA-5 o G4NA,1999,112,MANUAL,NAFTA,EURO V,,16/05/2019,KR18060098,IDIADA,173.1,10.2,5.7,7.4,7.4
LIFAN,X50,SEDÁN 5 PUERTAS,4x2,LIFAN LF479Q2-B,1498,,MANUAL,NAFTA,EURO V,,3/7/2015,13-00378-CP-SHA-00,TÜV SÜD Auto Service,330,10.2,6.5,7.8,7.8
AUDI,Q3 / Q3 SPORTBACK,STATION WAGON / HATCHBACK,4x4,AUDI CZPA,1984,132,AUTOMATICA,NAFTA,EURO VI,677,17/06/2020,AUA6000A,ATE - EL,231,10.2,7.2,8.3,8.3
LIFAN,MYWAY 1.8 VVT,RURAL 5 PUERTAS,4x2,LIFAN LFB479Q-h,1794,,MANUAL,NAFTA,EURO V,,13/07/2017,CN16110139,IDIADA,190,10.2,6.8,8.1,8.1
CHERY,TIGGO 4,HATCHBACK,4x2,CHERY SQRE4G15B,1499,83,MANUAL,NAFTA,EURO V,832,25/02/2021,CN20070702,IDIADA,187,10.2,6.6,7.9,7.9
HYUNDAI,VELOSTER 1.6T,COUPÉ 4 PUERTAS,4x2,HYUNDAI G4FJ,1591,,MANUAL,NAFTA,EURO V,,5/4/2018,83-V039-52789-59,TÜV Rheinland,175,10.2,5.9,7.5,7.5
FIAT,TORO ULTRA 2.0 AT9,PICK UP,4x4,FCA 55261674,1956,125,AUTOMATICA,GAS OIL,EURO V,830,25/02/2021,6201702,FCA FIAT CHRYSLER AUTOMOVEIS BRASIL,218.63,10.20,7.2,8.31,8.31
FIAT,TORO 1.8 BZ AT6,CAMIONETA,4x2,FPT 55281002,1747,,AUTOMATICA,NAFTA,EURO V,,4/9/2018,2180648,FCA FIAT CHRYSLER AUTOMOVEIS BRASIL,189.42,10.22,6.89,8.12,8.12
CHEVROLET,SPIN 1.8 TRANSMISION AUTOMATICA,MOMOVOLÚMEN 4PUERTAS Y PORTÓN TRASERO,4x2,CHEVROLET LJ1 – (FAM1 GV 1.8L SOHC 2V),1796,,MANUAL,NAFTA,EURO V,,27/12/2017,CPLE 040/2017 Rev.1,GENERAL MOTORS DO BRASIL LTDA.,176.52,10.29,5.80,7.45,7.45
VOLKSWAGEN,AMAROK,PICK UP 2 PUETAS CABINA SIMPLE,4x4,4x2,5000,1968,MANUAL,GAS OIL,EURO V,,15,9/3/2018,42.06.999.00,194.2,10.3,7.3,8.4,
RENAULT,NUEVO DUSTER 1.3,SEDÁN 5 PUERTAS,4x4,RENAULT H5H A 460,1333,115,MANUAL,NAFTA,EURO V,661,20/04/2020,B1_191210_004,VISTECO TECHNOLOGIES,179.4,10.3,6.2,7.7,7.7
MERCEDES-BENZ,X 350 d 4MATIC,PICK UP CABINA DOBLE,4x4,MERCEDES-BENZ 642,2987,,AUTOMATICA,GAS OIL,EURO V,,25/01/2019,42.04.1428.00,TÜV NORD Mobilität,236,10.3,8.3,9.0,9.0
VOLKSWAGEN,POLO. POLO GTS,HATCHBACK 4 PUERTAS CON PORTÓN TRASERO,4x2,VOLKSWAGEN DJS,1395,110,AUTOMATICA,NAFTA,EURO V,658,17/04/2020,BR20010027,IDIADA,171,10.3,5.7,7.4,7.4
RENAULT,KOLEOS 2.5 16v CVT 2WD,RURAL 5 PUERTAS,4x2,NISSAN 2TR C7,2488,126,MANUAL,NAFTA,EURO V,,2/12/2016,KSR337410 (8733, 3525),186,10.36,6.63,8,
CITROËN,C3 AIRCROSS,SUV,4x2,CITROËN EC5 (NFP),1587,83,MANUAL,NAFTA,EURO V,,19/09/2018,0298/17,DELPHI,183.12,10.39,6.34,7.86,7.86
CITROËN,C4 CACTUS,FAMILIAR 5 PUERTAS,4x2,CITROËN EC5 (NFP),1587,,MANUAL,NAFTA,EURO V,,5/7/2018,1-0244/17,DELPHI,177.53,10.39,5.96,7.6,7.6
RENAULT,DUSTER OROCH 2.0 16v,CAMIONETA 4 PUERTAS,4x2,RENAULT F4R E4,1998,,MANUAL,NAFTA,,,5/5/2015,R1-0043/15,DELPHI,230,10.4,6.23,7.78,7.78
DOMY,X5,SEDÁN,4x2,DOMY JT15T,1499,,MANUAL,NAFTA,EURO V,,17/08/2018,CN17040185,IDIADA,185,10.41,6.78,8.0,8.0
LAND ROVER,RANGE ROVER EVOQUE,SUV 4/5 PUERTAS,4x4,JAGUAR LAND ROVER PT204 / VALEO K8D2-11A240-A*,1997,183 / 147,AUTOMATICA,ELECTRICIDAD,400,,1/7/2019,GB18110028,IDIADA,187.6,10.44,6.72,8.08,8.08
PEUGEOT,308,BERLINA 5 PUERTAS,4x2,PSA EP6FADTR (EGX),1598,,AUTOMATICA,NAFTA,EURO VI,,6/3/2019,18/02383,UTAC,168.63,10.44,6.38,7.47,7.47
CHEVROLET,SPIN 1.8,MOMOVOLÚMEN 4PUERTAS Y PORTÓN TRASERO (5 / 7 ASIENTOS),4x2,CHEVROLET LJ1 – (FAM1 GV 1.8L SOHC 2V),1796,,MANUAL,NAFTA,EURO V,,5/12/2017,CPLE 039/2017,GENERAL MOTORS DO BRASIL LTDA.,184.54,10.45,6.22,7.78,7.78
CHEVROLET,SPIN 1.8 MANUAL,MONOVOLÚMEN 4 PUERTAS Y PORTÓN TRASERO,4x2,CHEVROLET LJ1 – (FAM1 GV 1.8L SOHC 2V) (1.8 SOHC),1796,77,MANUAL,NAFTA,EURO V,550,9/12/2019,CPLE 039/2017 Rev.2,GENERAL MOTORS DO BRASIL LTDA.,184.54,10.45,6.22,7.78,7.78
VOLKSWAGEN,BEETLE,COUPÉ 2 PUERTAS,4x2,4x2,4000,1984,AUTOMATICA,NAFTA,EURO V,,489,12/9/2019,11.06.1734.04,186.9,10.5,6.5,8,
VOLVO,XC40 T4,SUV 4/5 PUERTAS,4x2,VOLVO B4204T31,1969,140,AUTOMATICA,NAFTA,EURO VI b,704,28/08/2020,TR*101R01*0156*00,AVL MTC AB,180.1,10.5,6.4,7.9,7.9
RENAULT,FLUENCE 2.0 16V,SEDÁN 4 PUERTAS,4x2,RENAULT M4RK7,1997,,MANUAL,NAFTA,EURO V,,22/06/2016, 09/09790,UTAC,175.4,10.5,6.1,7.7,7.7
CHEVROLET,COBALT 1.8,SEDÁN 4 PUERTAS,4x2,CHEVROLET A18XE / LJ1 (1.8 SOHC),1796,77.2,MANUAL,NAFTA,EURO V,521,12/11/2019,CPLE 075/2016 Rev.2 ECP-LE 035/2018 Rev.1,GENERAL MOTORS DO BRASIL LTDA.,174.6,10.5,5.6,7.4,7.4
HYUNDAI,H350,FURGÓN / CHASIS CON CABINA,4x2,HYUNDAI D4CB,2497,,MANUAL,GAS OIL,EURO V,,24/06/2015,KR14080042,IDIADA,200,10.5,7.6,8.7,8.7
FORD,RANGER,PICK UP,4x2, 4x4,2000,3198,MANUAL,GAS OIL,EURO V,,544,9/12/2019,OSS366501 (C),228,10.5,7.6,8.7,
CHERY,TIGGO 2,HATCHBACK,4x2,CHERY SQRD4G15,1497,80,MANUAL,NAFTA,EURO V,837,1/3/2021,CN20070710,IDIADA,190,10.5,6.5,8,8
LIFAN,X70,SUV,4x2,LIFAN LF483Q,1998,,MANUAL,NAFTA,EURO V,,6/2/2018,89-R83-526/17-00,TÜV Rheinland,189,10.5,6.5,7.9,7.9
CHEVROLET,COBALT 1.8,SEDÁN 4 PUERTAS,4x2,CHEVROLET A18XE / LJ1 (1.8 SOHC),1796,,MANUAL,NAFTA,EURO V,,18/01/2018,CPLE075/2016 REV. 2,CAMPO DE PROVAS DA CRUZ ALTA,174.66,10.53,5.60,7.42,
CITROËN,DS4,COUPÉ 3 + 2 PUERTAS,4x2,CITROËN EP6CDTM (5FM),1598,,AUTOMATICA,NAFTA,EURO V,,11/10/2011,11/04511,UTAC,177.6,10.6,6.0,7.7,7.7
KYC,MAMUT,COMERCIAL LIVIANO,4x2,DFSK DK15-10,1493,72,MANUAL,NAFTA,EURO V,,30/05/2019,CS101-A0-2018-02386,TÜV NORD Mobilität,210,10.6,7.6,8.7,8.7
HAVAL,H6,RURAL,4x4,GREAT WALL GW4N20,1998,150,AUTOMATICA,NAFTA,EURO V,848,29/03/2021,CN20100352,IDIADA,197,10.6,7.4,8.6,8.6
CHERY,TIGGO 4,HATCHBACK,4x2,CHERY SQRD4G20,1971,90,MANUAL,NAFTA,EURO V,,14/05/2019,CN170800522,IDIADA,189,10.6,6.5,8.0,8.0
HAVAL,H2,RURAL,4x2,GREAT WALL GW4G15K,1497,105,AUTOMATICA,NAFTA,EURO V,820,17/02/2021,88-R101-499/20-00,TÜV Rheinland ,188,10.6,6.8,8.2,8.2
MERCEDES-BENZ,C 300,CABRIOLET 2 PUERTAS,4x2,MERCEDES-BENZ 264.920,1991,,MANUAL,NAFTA,EURO VI b,,23/04/2019,42.04.1442.00,TÜV NORD Mobilität,180,10.6,6.3,7.9,7.9
CHEVROLET,EQUINOX,SUV 5 PUERTAS,4x4,CHEVROLET LYX (1.5L),1490,,MANUAL,NAFTA,EURO V,,4/5/2018,LCA 53 0012 079 17,LUXCONTROL S.A.,187.9,10.62,6.67,8.11,8.11
CHEVROLET,SPIN ACTIV 1.8,MONOVOLÚMEN 4 PUERTAS Y PORTÓN TRASERO,4x2,CHEVROLET LJ1-(FAM 1 GV 1.8L SOHC 2V),1796,77.2,MANUAL,NAFTA,EURO V,508,11/10/2019,CPLE 042/2017 Rev.1,GENERAL MOTORS DO BRASIL LTDA.,192.83,10.68,6.64,8.13,8.13
CHEVROLET,SPIN ACTIV 1.8,MONOVOLÚMEN 4 PUERTAS Y PORTÓN TRASERO,4x2,CHEVROLET LJ1 – (FAM1 GV 1.8L SOHC 2V),1796,,MANUAL,NAFTA,EURO V,,5/12/2017,CPLE 042/2017 Rev.1,GENERAL MOTORS DO BRASIL LTDA.,192.84,10.69,6.64,8.13,8.13
MERCEDES-BENZ,SPRINTER STREET 311 CDI. SPRINTER 311 CDI / SPRINTER 316 CDI,FURGÓN,4x2,MERCEDES-BENZ OM 651 (651) (84 kW: 311 CDI / 120 kW: 316 CDI),2143,84 / 120,AUTOMATICA,GAS OIL,EURO V,,28/05/2019,42.04.547.00,TÜV NORD Mobilität,224.4,10.7,7.6,8.8,8.8
VOLKSWAGEN,TIGUAN – TIGUAN LWB,SUV 4 PUERTAS Y PORTÓN TRASERO,4x2,VOLKSWAGEN CZDA,1395,,AUTOMATICA,NAFTA,EURO V,,18/12/2018,CAE-18-1180C,CENTRO DE ANÁLISIS DE EMISIONES DE VW DE MÉXICO,188.77,10.72,6.68,8.15,8.15
PEUGEOT,2008,BERLINA 5 PUERTAS,4x2,PEUGEOT EC5 (NFP),1587,83,MANUAL,NAFTA,394,,18/06/2019,0162/17,DELPHI,190.56,10.78,6.63,8.15,8.15
VOLVO,XC40 T4,SUV 4/5 PUERTAS,4x4,VOLVO B4204T31,1969,140,AUTOMATICA,NAFTA,EURO VI b,704,28/08/2020,TR*101R01*0155*00,AVL MTC AB,183.5,10.8,6.5,8.05,8.05
KIA,SOUL,SEDÁN 5 PUERTAS,4x2,HYUNDAI o KIA G4NA-5 o G4NA,1999,112.1,MANUAL,NAFTA,EURO V,,16/05/2019,83-V039-58495-48,TÜV Rheinland,181,10.8,6.3,8,8
HYUNDAI,TUCSON,SUV,4x2,HYUNDAI G4NA,1999,,MANUAL,NAFTA,EURO V,,10/11/2015,VSQ316426,VCA,150,10.82,6.2,7.7,7.7
FIAT,STRADA ADVENTURE 1.6 16V CABINA DOBLE,PICK UP,4x2,FIAT 178F4055,1598,,MANUAL,NAFTA,EURO V,,24/10/2017,10370,FIAT AUTOMOVEIS S.A.,194.46,10.83,6.88,8.33,8.33
FIAT,STRADA WORKING 1.4 CC / CD,PICK UP,4x2,FIAT 310A2011,1368,,MANUAL,NAFTA,EURO V,,15/01/2018,10371,FIAT AUTOMOVEIS S.A.,188.38,10.87,6.45,8.08,8.08
CHEVROLET,S10 2.8,PICK UP,4x2, 4x4,5000,2776,MANUAL,GAS OIL,EURO V,,858,19/04/2021,US20120012,239,10.9,8,9.1,
TOYOTA,SW4,SUV,4x4,TOYOTA 1GD-FTV ,2755,130,MANUAL,GAS OIL,EURO V,,7/5/2019,VST409957,VCA,230,10.9,7.5,8.7,8.7
CHEVROLET,SPIN ACTIV 1.8 TRANSMISIÓN AUTOMÁTIA,MONOVOLÚMEN 4 PUERTAS Y PORTÓN TRASERO (5 / 7 ASIENTOS),4x2,CHEVROLET LJ1 – (FAM1 GV 1.8L SOHC 2V),1796,,MANUAL,NAFTA,EURO V,,24/01/2018,CPLE 041/2017 Rev.1,GENERAL MOTORS DO BRASIL LTDA.,189.24,10.91,6.55,8.16,8.16
VOLKSWAGEN,TIGUAN o TIGUAN LWB,SUV – CROSSOVER 4 PUERTAS CON PORTÓN TRASERO,4x4,VOLKSWAGEN CXDA,1984,,MANUAL,NAFTA,EURO V,,10/11/2017,CAE-17-0285,CENTRO DE ANÁLISIS DE EMISIONES DE VW DE MÉXICO,195.43,10.92,6.99,8.42,8.42
FAW,R7,RURAL 5 PUERTAS,4x2,FAW CA4GB16,1598,80,MANUAL,NAFTA,EURO V,,6/5/2019,CST393243,VCA,185.02,10.94,6.37,7.85,7.85
FIAT,ARGO PRECISION 1.8 AT6,BERLINA,4x2,FIAT 55280490,1747,,MANUAL,NAFTA,EURO V,,10/10/2017,10386,FIAT AUTOMOVEIS S.A.,183.78,10.96,6.09,7.89,7.89
FIAT,ARGO HGT 1.8 AT6,BERLINA,4x2,FIAT 55280490,1747,,MANUAL,NAFTA,EURO V,,10/10/2017,10386,FIAT AUTOMOVEIS S.A.,183.78,10.96,6.09,7.89,7.89
FIAT,CRONOS PRESICION 1.8 AT6,SEDÁN,4x2,FIAT 55280490,1747,,MANUAL,NAFTA,EURO V,,10/10/2017,10386,FIAT AUTOMOVEIS S.A.,183.78,10.96,6.09,7,89
LIFAN,MYWAY X7,RURAL 5 PUERTAS,4x2,LIFAN LFB479Q-h,1794,,MANUAL,NAFTA,EURO V,,21/06/2018,CN18010463,IDIADA,198,10.99,7.04,8.5,8.5
FORD,TERITORY,SUV 5 PUERTAS,4x2,JMC 1.5 Ecoboost GTDI ,1490,105,AUTOMATICA,NAFTA,EURO V,,,CN21060164,IDIADA,208,11.0,7.3,8.7,8.7
LEXUS,NX300,SUV,4x4,TOYOTA 8AR-FTS,1998,,AUTOMATICA,NAFTA,EURO V,,28/11/2018,H1460161643/337,AIB-VINÇOTTE International n.v.,196,11.0,7.0,8.4,8.4
LEXUS,NX350,SUV,4x4,TOYOTA T24A-FTS,2393,205,AUTOMATICA,NAFTA,EURO VI,907,20/08/2021,H2160161643/1242,VINÇOTTE nv,187,11.0,6.6,8.2,8.2
HYUNDAI,TUCSON,SUV,4x4,HYUNDAI G4NA,1999,,MANUAL,NAFTA,EURO V,,10/11/2015,VSQ316426,VCA,200,11.03,6.70,8.3,8.3
AUDI,Q8,STATION WAGON - SUV - CROSSOVER 4 PUERTAS CON PORTÓN TRASERO,4x4,AUDI DCBD / CONTINENTAL BSG-HP1-65,2995,,AUTOMATICA,ELECTRICIDAD,EURO VI b,,1/10/2018,AUA5507A,ATE-EL LUXEMBOURG,210,11.1,8,9.2,9.2
MERCEDES-BENZ,GLE 450 4MATIC,FAMILIAR 4 PUERTAS,4x4,MERCEDES-BENZ 256.930 / MELCO EM0014,2999,270,AUTOMATICA,ELECTRICIDAD,387,,30/05/2019,42.04.1409.03,TÜV NORD Mobilität,207,11.1,8,9.1,9.1
HAVAL,H6,RURAL,4x2,GREAT WALL GW4C20,1967,140,MANUAL,NAFTA,,,22/04/2019,LC 1157 026 17,LUXCONTROL S.A.,203,11.1,7.5,8.8,8.8
RENAULT,DUSTER 2.0 16v,SEDÁN 5 PUERTAS,4x2,RENAULT F4R E4,1998,105,MANUAL,NAFTA,EURO V,,,R1-0210/17,DELPHI,198.86,11.13,6.98,8.52,8.52
RENAULT,DUSTER 1.6 16V,SEDÁN 5 PUERTAS,4x2,RENAULT K4M 28,1599,77,MANUAL,NAFTA,EURO V,,,R2-0237/17,DELPHI,197.96,11.14,6.9,8.46,8.46
BORGWARD,BX5,SEDÁN,4x2,BORGWARD BWE418A,1797,,MANUAL,NAFTA,EURO V,,25/07/2018,CN17030294,IDIADA,194.7,11.16,6.48,8.2,8.2
BMW,X5 xDRIVE 40i (5 ASIENTOS),RURAL,4x4,BMW B58B30C,2998,,AUTOMATICA,NAFTA,EURO VI b,,9/1/2019,201844716,DEKRA,211,11.2,8.1,9.2,9.2
RENAULT,DUSTER 2.0 16v 4X4,SEDÁN 5 PUERTAS,4X4,RENAULT F4R E4,1998,105,MANUAL,NAFTA,EURO V,,,R1-0209/17,DELPHI,199.74,11.20,7.01,8.55,8.55
FIAT,TORO FREEDOM 1.8 AT6. TORO ENDURANCE 1.8 AT6,PICK UP,4x2,FCA 55281002,1747,95.6,AUTOMATICA,NAFTA,EURO V,827,23/02/2021,3201218,FCA FIAT CHRYSLER AUTOMOVEIS BRASIL,195.38,11.25,6.69,8.37,8.37
HYUNDAI,TUCSON,SUV,4x2,HYUNDAI G4NA,1999,,MANUAL,NAFTA,EURO V,,10/11/2015,VSQ316426,VCA,120,11.26,6.31,8.1,8.1
TOYOTA,HILUX,PICK UP CABINA DOBLE,4x4,TOYOTA 1GD-FTV,2755,,MANUAL,GAS OIL,EURO V,,22/06/2018,VST409957,VCA,226,11.3,7.0,8.6,8.6
FORD,RANGER,PICK UP,4x2,FORD 3.2L GAS OIL (SA2S),3198,147,AUTOMATICA,GAS OIL,EURO V,556,10/1/2020,OSR335418AT(P-5-16),VCA,225,11.3,6.9,8.5,8.5
MERCEDES-BENZ,VITO 121. VITO TOURER 121 ,FAMILIAR,4x2,MERCEDES-BENZ M274 (274.920),1991,155,AUTOMATICA,NAFTA,415,,9/8/2019,42.04.521.00,TÜV NORD Mobilität,211,11.3,7.6,9,9
CHEVROLET,MONTANA 1.8,FURGONETA,4x2,CHEVROLET A18XE (1.8 SOHC),1796,,MANUAL,NAFTA,EURO V,,31/01/2017,CPLE 085/2016,GENERAL MOTORS DO BRASIL LTDA.,330,11.35,6.68,8.40,8.40
CHEVROLET,S10 2.8,PICK UP,4x2,4x2 - 4x4,4000,2776,MANUAL,GAS OIL,EURO V,,,18/01/2018,CPLE 030/2018,238.62,11.37,7.75,9.08,
RENAULT,SANDERO 2.6 16V RS,SEDÁN 5 PUERTAS,4x2,RENAULT F4R E4,1998,103,MANUAL,NAFTA,EURO V,,27/03/2015,R1-0642/14,DELPHI,230,11.37,6.71,8.42,8.42
TOYOTA,RAV4,SUV,4x4,TOYOTA 2AR-FE,2494,,AUTOMATICA,NAFTA,EURO V,,31/01/2018,H1660550047/253 Ext. 02,VINÇOTTE nv,197.7,11.4,6.9,8.5,8.5
RENAULT,MEGANE RS 1.8 I6v,SEDÁN 5 PUERTAS,4x2,RENAULT M5P P4,1798,221,MANUAL,NAFTA,EURO VI b,,8/4/2021,20/03757,UTAC,194.5,11.4,6.5,8.3,8.3
HYUNDAI,H350,FURGÓN / CHASIS CON CABINA,4x2,HYUNDAI D4CB,2497,,MANUAL,GAS OIL,EURO V,,24/06/2015,KR14080044,IDIADA,200,11.4,8.1,9.4,9.4
JAC,X7,HATCHBACK,4x2,JAC HFC4GC1.6E,1499,120,AUTOMATICA,NAFTA,EURO V,875,4/6/2021,61JAA0276A,ATEEL ,216,11.4,7.8,9.1,9.1
LEXUS,IS300,SEDÁN 4 PUERTAS,4x2,TOYOTA 8AR-FTS,1998,,MANUAL,NAFTA,EURO V,,17/04/2019,JSQ319928,VCA,189,11.4,6.3,8.2,8.2
CHANGAN,CS75,RURAL,4x2,CHANGAN JL486ZQ2,1798,,MANUAL,NAFTA,EURO V,,11/6/2018,CN16030389 EXTENSION 01,IDIADA,186,11.4,5.6,7.7,7.7
PEUGEOT / CITROËN,PARTNER / BERLINGO,FAMILIAR-FURGÓN,4x2,PSA EC5 (NFP),1587,,MANUAL,NAFTA,EURO V,,12/4/2018,0179/17,DELPHI,205.58,11.43,7.28,8.8,8.8
CHEVROLET,TRACKER 1.8,SEDÁN 4 PUERTAS Y PORTÓN TRASERO,4x2,CHEVROLET 2H0 o A18XER o F18D4 (1.8 DOHC),1796,103,MANUAL,NAFTA,EURO V,525,12/11/2019,KR18060019,IDIADA,190.6,11.43,6.30,8.19,8.19
CHEVROLET,TRACKER 1.8,5 PUERTAS HB,4x2,CHEVROLET 2H0,4000,1796,MANUAL,NAFTA,EURO V,,,7/2/2017,KR18060019,150,11.43,6.3,8.19,
RENAULT,CAPTUR 2.0 16v,SEDÁN 5 PUERTAS,4x2,RENAULT F4R E4,1998,101,MANUAL,NAFTA,EURO V,,18/04/2016,R1-0598/15,DELPHI,140,11.49,7.01,8.67,8.67
AUDI,Q7,SUV,4x4,AUDI DCBD / CONTINENTAL BSG-HP1-65,2995,250,AUTOMATICA,ELECTRICIDAD,EURO VI,624,5/3/2020,AUA5959B,ATE - EL,215,11.5,8.2,9.4,9.4
ZOTYE,T600C,SEDÁN 4 PUERTAS Y PORTÓN TRASERO,4x2,RUIZHAN TNN4G15TA,1502,105,MANUAL,NAFTA,EURO V,,9/5/2019,CN17100423,IDIADA,202,11.5,6.4,8.3,8.3
CHEVROLET,COBALT 1.8 TRANSMISIÓN AUTOMATICA,SEDÁN 4 PUERTAS,4x2,CHEVROLET A18XE / LJ1 (1.8 SOHC),1796,,MANUAL,NAFTA,EURO V,,18/01/2018,CPLE 076/2016 Rev.2,CAMPO DE PROVAS DA CRUZ ALTA,186.39,11.54,5.86,7.91,
CHEVROLET,COBALT 1.8 TRANSMISIÓN AUTOMATICA,SEDÁN 4 PUERTAS,4x2,CHEVROLET A18XE / LJ1 (1.8 SOHC),1796,77.2,AUTOMATICA,NAFTA,EURO V,524,14/11/2019,CPLE 076/2016 Rev.2,GENERAL MOTORS DO BRASIL LTDA.,186.39,11.54,5.86,7.91,7.91
TOYOTA,LAND CRUISER 200,SUV,4x4,TOYOTA 1VD-FTV,4461,,AUTOMATICA,GAS OIL,EURO V,,4/10/2017,H1860666086/241,VINÇOTTE nv,260.7,11.56,8.94,9.9,9.9
HYUNDAI,TUCSON,SUV,4x4,HYUNDAI G4NA,1999,,MANUAL,NAFTA,EURO V,,10/11/2015,VSQ316426,VCA,130,11.59,6.86,8.60,8.60
KIA,SPORTAGE,RURAL,4x4,HYUNDAI o KIA G4NA-5 o G4NA,1999,114,MANUAL,NAFTA,EURO V,,28/04/2016,83-V039-133042998-105,TÜV Rheinland,200,11.6,6.9,8.6,8.6
BMW,X5 xDRIVE 40i (7 ASIENTOS),RURAL,4x4,BMW B58B30C,2998,,AUTOMATICA,NAFTA,EURO VI b,,9/1/2019,201844716,DEKRA,215,11.6,8.2,9.4,9.4
BMW,X4 M40i,SEDÁN 5 PUERTAS,4x4,BMW B58B30A,2998,,AUTOMATICA,NAFTA,EURO VI c,,17/10/2018,201743801,DEKRA,210,11.6,7.8,9.2,9.2
AUDI,RS5 – RS5 COUPÉ,COUPÉ 2 PUERTAS,4x4,AUDI DECA,2894,,MANUAL,NAFTA,304,,26/04/2019,AUA5390C,ATE-EL LUXEMBOURG,199,11.6,7.2,8.8,8.8
MERCEDES-BENZ,C 400 4MATIC,SEDÁN 4 PUERTAS - COUPÉ 2 PUERTAS,4x4,MERCEDES-BENZ 276.823,2996,,MANUAL,NAFTA,EURO VI b,,3/4/2019,42.04.1419.02,TÜV NORD Mobilität,188,11.6,6.3,8.3,8.3
FORD,ECOSPORT,SUV,4x4,FORD 2.0L GDI,1999,125,MANUAL,NAFTA,EURO V,,25/04/2018,TR83-USS357051 Rev. 1,VCA,200.43,11.65,6.93,8.65,8.65
CHEVROLET,S10 2.8,PICK UP,4x2, 4x4,1200,2776,AUTOMATICA,GAS OIL,EURO V,,859,19/04/2021,US20120011,244,11.7,7.9,9.3,
FORD,RANGER,PICK UP,4x4,FORD 3.2L GAS OIL (SA2S),3198,147,AUTOMATICA,GAS OIL,EURO V,556,10/1/2020,OSQ319373(13),VCA,240,11.7,7.6,9.1,9.1
MERCEDES-BENZ,MERCEDES-AMG GLE 53 4MATIC+ (167.361),FAMILIAR 4 PUERTAS,4x4,MERCEDES BENZ 256.930 / MELCO EM0014,2999,320,AUTOMATICA,ELECTRICIDAD,EURO VI,691,23/07/2020,42.04.1462.01,TÜV NORD,212,11.7,7.9,9.3,9.3
LIFAN,X70,SUV,4x2,LIFAN LF483Q,1998,,MANUAL,NAFTA,EURO V,,6/2/2018,89-R83-527/17-00,TÜV Rheinland,207,11.7,6.9,8.7,8.7
SHINERAY,X7,FAMILIAR RURAL,4x2,SHINERAY DLEG18,1794,,MANUAL,NAFTA,EURO V,,11/6/2018,17-00190-CP-511A-00,TÜV SÜD Auto Service,207,11.7,6.9,8.7,8.7
MERCEDES-BENZ,GLE 450 4MATIC,FAMILIAR,4x4,MERCEDES-BENZ 256.930 / MELCO EM0014,2999,270,AUTOMATICA,ELECTRICIDAD,EURO VI,683,26/06/2020,42.04.1462.01,TÜV NORD,206,11.7,7.5,9,9
AUDI,RS4 - RS4 AVANT / RS5 - RS5 SPORTBACK,RURAL 4 PUERTAS CON PORTÓN TRASERO / SEDÁN 2 PUERTAS CON PORTÓN TRASERO,4x4,AUDI DECA,2894,,MANUAL,NAFTA,304,,26/04/2019,AUA5390C,ATE-EL LUXEMBOURG,202,11.7,7.3,8.9,8.9
MERCEDES-BENZ,S500 4MATIC,SEDÁN 4 PUERTAS,4x4,MERCEDES-BENZ 256.930 / MELCO EM0014,2999,320,AUTOMATICA,ELECTRICIDAD,EURO VI b,822,12/2/2021,42.04.1493.00,TÜV NORD,196,11.7,6.8,8.6,8.6
ALFA ROMEO,STELVIO QUADRIFOGLIO VERDI,BERLINA 4 PUERTAS Y PORTÓN TRASERO,4x4,ALFA ROMEO 670051007,2891,,MANUAL,NAFTA,EURO VI,,5/4/2018,H0721/2/BO,CENTRO PROVA AUTOVEICOLI BOLOGNA,210.21,11.76,7.56,9.09,9.09
TOYOTA,CAMRY,SEDÁN 4 PUERTAS,4x2,TOYOTA 2AR-FE,2494,,MANUAL,NAFTA,EURO V,,1/9/2017,H1760161643/410 TR,VINÇOTTE nv,200,11.77,6.8,8.6,8.6
KIA,SPORTAGE,RURAL,4x2,HYUNDAI o KIA G4NA-5 o G4NA,1999,114,MANUAL,NAFTA,EURO V,,28/04/2016,83-V039-133042998-105,TÜV Rheinland,120,11.8,6.5,8.4,8.4
MERCEDES-BENZ,MERCEDES-AMG GLE 53 4MATIC+ (167.161),FAMILIAR 4 PUERTAS,4x4,MERCEDES BENZ 256.930 / MELCO EM0014,2999,320,AUTOMATICA,ELECTRICIDAD,EURO VI,691,23/07/2020,42.04.1462.01,TÜV NORD,214,11.8,8,9.4,9.4
FORD,MAVERIK,PICK UP CABINA DOBLE,4x2, 4x4,3000,1999,AUTOMATICA,NAFTA,EURO V,,913,,7250123,164,11.8,4.5,7.2,
FORD,ECOSPORT,SUV,4x2,FORD 2.0L GDI,1999,125,MANUAL,NAFTA,EURO V,,25/04/2018,TR83-USS379499,VCA,204.29,11.83,7.05,8.80,8.80
FORD,KUGA,SUV 5 PUERTAS,4x4,FORD 2.0L GTDI,1999,,AUTOMATICA,NAFTA,EURO V,,14/12/2018,ESQ310992,VCA,210.11,12.01,7.25,9.0,9.0
CHEVROLET,TRACKER 1.8 TRANSMISIÓN AUTOMATICA,SEDÁN 4 PUERTAS Y PORTÓN TRASERO,4x4,CHEVROLET 2H0 o A18XER o F18D4 (1.8 DOHC),1796,103,AUTOMATICA,NAFTA,EURO V,526,12/11/2019,KR18060020,IDIADA,204.9,12.06,6.91,8.80,8.80
CHEVROLET,TRACKER 1.8,5 PUERTAS HB,4x4,CHEVROLET 2H0,5000,1796,AUTOMATICA,NAFTA,EURO V,,,9/2/2018,KR18060020,300,12.06,6.91,8.80,
CHEVROLET,S10 2.8,PICK UP,4x2, 4x4,2000,2776,AUTOMATICA,GAS OIL,EURO V,,859,,US21060002,256,12.1,8.3,9.7,
BORGWARD,BX7,SEDÁN,4x2,BORGWARD BWE420B,1981,,MANUAL,NAFTA,EURO V,,25/07/2018,CN16060398,IDIADA,221,12.1,7.61,9.3,9.3
MERCEDES-BENZ,Mercedes-AMG A 45 4MATIC - Mercedes-AMG A 45 S 4MATIC,FAMILIAR,4x4,MERCEDES-BENZ 139.980,1991,285 - 310,AUTOMATICA,NAFTA,EURO VI,601,18/02/2020,42.04.1468.00,TÜV NORD,205,12.1,7.4,9,9
MERCEDES-BENZ,C 400 4MATIC,CABRIOLET 2 PUERTAS,4x4,MERCEDES-BENZ 276.823,2996,,MANUAL,NAFTA,EURO VI b,,3/4/2019,42.04.1419.02,TÜV NORD Mobilität,198,12.1,6.8,8.8,8.8
HONDA,ACCORD,SEDÁN 4 PUERTAS,4x2,HONDA K20C4,1996,,MANUAL,NAFTA,EURO V,,13/04/2018,H1760552835/098,VINÇOTTE nv,192,12.1,6.1,8.3,8.3
VOLVO,XC40 T4,SUV 4/5 PUERTAS,4x2,VOLVO B4204T47,1969,,MANUAL,NAFTA,EURO VI d,,19/06/2018,TR*715/2007*2017/1347*0169*00,AVL MTC AB,189,12.1,6.9,8.4,8.4
BORGWARD,BX5,SEDÁN,4x4,BORGWARD BWE418A,1797,,MANUAL,NAFTA,EURO V,,25/07/2018,CN17030295,IDIADA,211.6,12.15,7.05,8.92,8.92
HYUNDAI,H350,CAMIÓN,4x2,HYUNDAI D4CB,2497,,MANUAL,GAS OIL,EURO V,,24/06/2015,KR14080042,IDIADA,250,12.2,8.6,9.9,9.9
HYUNDAI,H350,CAMIÓN,4x2,HYUNDAI D4CB,2497,,MANUAL,GAS OIL,EURO V,,24/06/2015,KR14080044,IDIADA,250,12.2,8.6,9.9,9.9
DOMY,X7,SEDÁN,4x2,DOMY TN4G18T,1799,,MANUAL,NAFTA,EURO V,,17/08/2018,CN17080445,IDIADA,219,12.2,7.8,9.4,9.4
DOMY,X7,SEDÁN,4x2,MITSUBISHI 4G63S4T,1997,,MANUAL,NAFTA,EURO V,,17/08/2018,CN17080446,IDIADA,216,12.3,7.6,9.3,9.3
CHEVROLET,S10 2.8,PICK UP,4x2,4x2 - 4x4,5000,2776,AUTOMATICA,GAS OIL,EURO V,,,18/01/2018,CPLE 031/2018,250.93,12.35,7.92,9.53,
HYUNDAI,H-100,CHASIS LARGO / CHASIS EXTRA LARGO,4x2,HYUNDAI D4CB,2497,,MANUAL,GAS OIL,EURO V,,24/01/2018,KR12050004,IDIADA,250,12.4,8.2,9.7,9.7
VOLVO,XC40 T5,SUV 4/5 PUERTAS,4x4,VOLVO B4204T14,1969,,MANUAL,NAFTA,EURO VI d,,27/04/2018,TR*715/2007*2017/1347*0154*00,AVL MTC AB,205,12.4,7.7,9.1,9.1
MERCEDES-BENZ,E 450 4MATIC,SEDÁN 4 PUERTAS,4x4,MERCEDES-BENZ 276.823,2996,,MANUAL,NAFTA,EURO VI b,,8/4/2019,42.04.1419.02,TÜV NORD Mobilität,204,12.4,7.1,9.0,9.0
ALFA ROMEO,GIULIA QUADRIFOGLIO,BERLINA,4x2,ALFA ROMEO 670050436,2891,,MANUAL,NAFTA,EURO VI b,,19/07/2017,G0415/2/BO,CENTRO PROVA AUTOVEICOLI BOLOGNA,187.98,12.42,5.72,8.15,8.15
MERCEDES-BENZ,E 450 4MATIC,COUPÉ 2 PUERTAS,4x4,MERCEDES-BENZ 276.823,2996,,AUTOMATICA,NAFTA,EURO VI,,8/3/2019,42.04.1419.02,TÜV NORD Mobilität,208,12.5,7.3,9.1,9.1
FORD,S-MAX,SEDÁN 5 PUERTAS,4x2,FORD 2.0L GTDI,1999,,MANUAL,NAFTA,EURO VI,,11/8/2015,T02 USQ305855-3,VCA,330,12.5,6.9,8.9,
CHEVROLET,TRAILBLAZER 2.8 TRANSMISIÓN AUTOMATICA,SUV,4x4,CHEVROLET LWN (XLDE) - DURAMAX / CTDI 2.8L,2776,,MANUAL,GAS OIL,EURO V,,6/12/2018,CPLE 032/2018,GENERAL MOTORS DO BRASIL LTDA.,257.19,12.60,8.16,9.78,9.78
MERCEDES-BENZ,GLS 580 4MATIC,FAMILIAR 4 PUERTAS,4x4,MERCEDES-BENZ 176.980/ MELCO EM0014,3982,360,AUTOMATICA,ELECTRICIDAD,EURO VI,635,17/03/2020,42.04.1465.00,TÜV NORD,233,12.7,8.8,10.2,10.2
LAND ROVER,RANGE ROVER EVOQUE,SUV 4/5 PUERTAS,4x4,JAGUAR LAND ROVER PT204 / VALEO K8D2-11A240-A*,1997,221,AUTOMATICA,ELECTRICIDAD,390,,10/6/2019,PC18090054,IDIADA,191.99,12.71,7.91,9.31,9.31
KIA,K2500,CABINA STANDARD / CABINA KING O SUPER / DOBLE CABINA,4x2,HYUNDAI O KIA,2497,96,MANUAL,GAS OIL,EURO V,,3/9/2013,3-V002-133029008-01 ,TÜV Rheinland,264.3,12.8,8.4,10.0,10.0
NISSAN,MURANO,RURAL,4x4,NISSAN VQ35,3498,188,MANUAL,NAFTA,EURO V,,6/5/2019,LCA 0061 A64 18,LUXCONTROL S.A.,225.7,12.8,7.9,9.7,9.7
JEEP,CHEROKEE LIMITED. CHEROKEE SPORT. CHEROKEE LONGITUDE,BERLINA,4x2,FCA X,3239,,AUTOMATICA,NAFTA,EURO VI a,,18/12/2018,RDW-715/2007-0045713,RDW,215,12.8,7.1,9.2,9.2
HYUNDAI,VELOSTER,SEDÁN 3 PUERTAS CON PORTÓN,4x2,HYUNDAI G4KH,1998,,AUTOMATICA,NAFTA,EURO V,,21/09/2018,83-V039-55199-23,TÜV Rheinland,215.75,12.91,7.04,9.21,9.21
ALFA ROMEO,GIULIA,BERLINA,4x2,ALFA ROMEO 55273835,1995,,MANUAL,NAFTA,EURO VI,,9/8/2017,F0621/2/BO,CENTRO PROVA AUTOVEICOLI BOLOGNA,199.7,12.94,6.12,8.65,8.65
TOYOTA,CAMRY,SEDÁN 4 PUERTAS,4x2,TOYOTA 2GR-FKS,3456,,MANUAL,NAFTA,EURO V,,1/9/2017,H1760161643/411 TR,VINÇOTTE nv,206,13.0,6.7,9.0,9.0
TOYOTA,CAMRY,SEDÁN 4 PUERTAS,4x2,TOYOTA 2GR-FKS,3456,,MANUAL,NAFTA,EURO V,,,H1760161643/411 TR,VINÇOTTE nv,206,13.0,6.7,9.0,9.0
HYUNDAI,HD35L,COMERCIAL LIVIANO,4x2,HYUNDAI D4CB,2497,,MANUAL,GAS OIL,EURO V,,27/04/2018,KSS384808 (9163, 3776),276.19,13.01,9.00,10.51,
LEXUS,RC350,COUPÉ,4x2,TOYOTA 2GR-FKS,3456,232,MANUAL,NAFTA,EURO V,,23/04/2019,JST395095,VCA,213.33,13.1,6.86,9.15,9.15
LIFAN,M7,RURAL 5 PUERTAS,4x2,LIFAN LF483Q,1988,,AUTOMATICA,NAFTA,EURO V,,1/10/2018,89-R101-379/18-00,TÜV Rheinland,233,13.1,8.2,10.0,10.0
JEEP,CHEROKEE LIMITED. CHEROKEE SPORT. CHEROKEE LONGITUDE,BERLINA,4x4,FCA X,3239,,AUTOMATICA,NAFTA,EURO VI a,,18/12/2018,RDW-715/2007-0045713,RDW,226,13.1,7.7,9.7,9.7
BORGWARD,BX7,SEDÁN,4x4,BORGWARD BWE420B,1981,,MANUAL,NAFTA,EURO V,,25/07/2018,CN16060399,IDIADA,235.11,13.2,7.89,9.83,9.83
BMW,M3 COMPETITION / M4 COMPETITION,SEDÁN 4 PUERTAS / COUPÉ,4x2,BMW S58B30A,2993,11.15,AUTOMATICA,NAFTA,EURO VI,882,4/6/2021,20-00040-CZ-GBM-00,TÜV SÜD ,221,13.2,7.5,9.6,9.6
CHANGAN,CS75,RURAL,4x4,CHANGAN JL486ZQ2,1798,,MANUAL,NAFTA,EURO V,,25/07/2018,CN16030400 EXTENSION 01,IDIADA,244,13.3,8.5,10.3,10.3
JEEP,CHEROKEE TRAILHAWK,BERLINA,4x4,FCA X,3239,,AUTOMATICA,NAFTA,EURO VI a,,18/12/2018,RDW-715/2007-0045713,RDW,236,13.3,8.3,10.1,10.1
MERCEDES-BENZ,MERCEDES-AMG C 43 4 MATIC,SEDÁN - COUPÉ,4x4,MERCEDES-BENZ 276.823,2996,,AUTOMATICA,NAFTA,EURO VI b,,29/01/2019,42.04.1419.00,TÜV NORD Mobilität,217,13.3,7.3,9.5,9.5
LEXUS,GS350,SEDÁN 4 PUERTAS,4x2,TOYOTA 2GR-FKS,3456,,MANUAL,NAFTA,EURO V,,11/4/2018,H1560161643/259,AIV-VINÇOTTE International n.v.,290,13.4,7.4,9.6,9.6
FORD,F150 RAPTOR,PICK UP CABINA DOBLE,4x4,FORD 3.5L TIVCT Raptor,3497,335.5,AUTOMATICA,NAFTA,TIER 3 BIN 50,887,5/7/2021,T101-USW515555-3.5L Raptor,VCA,290,13.4,18.6,15,13.4
TOYOTA,INNOVA,FAMILIAR,4x2,TOYOTA 2TR-FE,2694,,MANUAL,NAFTA,EURO V,,1/9/2017,JSQ320070,VCA,241,13.4,8.6,10.4,10.4
JAC,S7,HATCHBACK,4x2,JAC HFC4GA3.4D,1997,130,MANUAL,NAFTA,EURO V,,13/05/2019,61JAA0156A,ATE-EL LUXEMBOURG,228,13.4,7.7,9.8,9.8
PORSCHE,911 CARRERA S (CB12),COUPÉ 2 PUERTAS,4x2,PORSCHE DKK,2981,331,MANUAL,NAFTA,439,,9/8/2019,42.07.253.00,TÜV NORD Mobilität,208,13.4,7.2,9.5,9.5
KIA,SORENTO,RURAL,4x2,HYUNDAI O KIA G4KE-5 o G4KE,2359,126,AUTOMATICA,NAFTA,EURO V,,22/03/2015,KR17050187,IDIADA,290,13.5,7.1,9.5,9.5
PORSCHE,911 CARRERA S (CB22) / 911 CARRERA 4S (KB12. KB22),CONVERTIBLE 2 PUERTAS / COUPÉ 2 PUERTAS - CONVERTIBLE 2 PUERTAS,4x4,PORSCHE DKK,2981,331,MANUAL,NAFTA,439,,9/8/2019,42.07.253.00,TÜV NORD Mobilität,213.4,13.5,7.3 ,9.6 ,9.6
HAVAL,H9,RURAL,4x4,GREAT WALL GW4C20A,1967,,AUTOMATICA,NAFTA,EURO V,,18/12/2018,88-R101-818/17-00,TÜV Rheinland,260,13.5,9.6,11.1,11.1
MERCEDES-BENZ,MERCEDES-AMG C 43 4 MATIC,FAMILIAR-CABRIOLET,4x4,MERCEDES-BENZ 276.823,2996,,AUTOMATICA,NAFTA,EURO VI b,,29/01/2019,42.04.1419.00,TÜV NORD Mobilität,222,13.5,7.6,9.7,9.7
JEEP,WRANGLER: SPORT / SAHARA // UNLIMITED SPORT / UNLIMITED SAHARA,BERLINA,4x4,FCA G,3604,,AUTOMATICA,NAFTA,EURO V,,8/10/2018,RDW-83R-062341 Corr.01,RDW,235.27,13.54,8.09,10.10,10.10
HYUNDAI,SANTA FE HTRACK,RURAL 5 PUERTAS -- TODOTERRENO,4x4,HYUNDAI G4KE,2359,,AUTOMATICA,NAFTA,EURO V,,6/12/2018,KR18030151,IDIADA,231.8,13.55,7.76,9.91,9.91
KIA,SORENTO,RURAL,4x4,HYUNDAI O KIA G4KE-5 o G4KE,2359,126,MANUAL,NAFTA,EURO V,,27/03/2015,KR17050187,IDIADA,280,13.7,7.0,9.5,9.5
FORD,MONDEO,SEDÁN 4 Y 5 PUERTAS,4x2,FORD 2.0L I4 GTDI,1999,179,AUTOMATICA,NAFTA,EURO V,,,T02-USQ231689 Rev1,VCA,290,13.72,7.81,9.97,9.97
AUDI,A8 - A8 L,SEDÁN 4 PUERTAS,4x4,AUDI CXYA / CONTINENTAL BSG-HP1-65,3996,338,AUTOMATICA,ELECTRICIDAD,155,,21/09/2018,AUA5534A,ATE-EL LUXEMBOURG,228.0,13.8,7.9,10.1,10.1
KIA,K2500. BONGO. BONGO K2500,PICK UP,4x2,HYUNDAI o KIA D4CB,2497,96,MANUAL,GAS OIL,EURO V,849,29/03/2021,T02 BSW506594 00,VCA,283,13.9,9.2,11,11
HYUNDAI,SANTA FE HTRACK,RURAL 5 PUERTAS -- TODOTERRENO,4x4,HYUNDAI G4KE,2359,,AUTOMATICA,NAFTA,EURO V,,6/12/2018,KR18030151,IDIADA,239.4,13.92,8.09,10.23,10.23
JEEP,GRAND CHEROKEE: LAREDO 3.6. LIMITED 3.6. OVERLAND 3.6 / SUMMIT 3.6,BERLINA,4x4,FCA G,3604,210,AUTOMATICA,NAFTA,EURO V,576,10/1/2020,RDW-83R-0085285,RDW,245,13.94,8.3,10.38,10.38
MERCEDES-BENZ,MERCEDES-AMG C63,SEDÁN 4 PUERTAS,4x2,MERCEDES-BENZ 177.980,3982,,MANUAL,NAFTA,EURO VI b,,28/03/2019,42.04.1424.00,TÜV NORD Mobilität,232,14.0,7.9,10.2,10.2
KIA,SORENTO,RURAL,4x4,HYUNDAI O KIA G4KE-5 o G4KE,2359,126,AUTOMATICA,NAFTA,EURO V,,22/03/2015,KR17050187,IDIADA,295,14.1,7.5,9.9,9.9
MERCEDES-AMG,C 63 - C 63 S,COUPÉ 2 PUERTAS,4x2,MERCEDES-BENZ 177.980,3982,350 - 375,MANUAL,NAFTA,EURO VI,,23/04/2019,42.04.1424.00,TÜV NORD Mobilität,216.9,14.1,8.0,10.3,10.3
MERCEDES-BENZ,MERCEDES-AMG GLC 43 4MATIC,FAMILIAR 4 PUERTAS y PORTÓN TRASERO,4x4,MERCEDES-BENZ 276.823,2996,287,AUTOMATICA,NAFTA,EURO VI,636,17/03/2020,19-00006-CZ-BWG-00,TÜV SÜD Czech,230,14.1,7.8,10.1,10.1
MERCEDES-BENZ,MERCEDES-AMG C63 S,SEDÁN 4 PUERTAS,4x2,MERCEDES-BENZ 177.980,3982,,MANUAL,NAFTA,EURO VI b,,28/03/2019,42.04.1424.00,TÜV NORD Mobilität,237,14.2,8.1,10.4,10.4
MASERATI,GHIBLI SQ4,BERLINA 4 PUERTAS,4x4,MASERATI M156E,2979,,AUTOMATICA,NAFTA,EURO VI,,28/11/2018,H0461/2/BO,CENTRO PROVA AUTOVEICOLI DI BOLOGNA,225.03,14.23,7.16,9.74,9.74
JEEP,WRANGLER: RUBICON / UNLIMITED RUBICON,BERLINA,4x4,FCA G,3604,,AUTOMATICA,NAFTA,EURO V,,8/10/2018,RDW-83R-0062154 Corr.01,RDW,252.47,14.37,8.78,10.84,10.84
McLAREN,GT,COUPÉ,4x2,McLAREN 40JBAN,3994,456,AUTOMATICA,NAFTA,EURO VI,780,1/12/2020,PC19110460,IDIADA,245,14.49,8.54,10.71,10.71
BAIC,X65,SEDÁN,4x2,BAIC B205EFA,1992,,MANUAL,NAFTA,EURO V,,8/10/2018,CSR330722,VCA,259,14.5,8.6,10.8,10.8
BMW,M850i xDRIVE,COUPÉ,4x4,BMW N63B44D,4395,,AUTOMATICA,NAFTA,EURO VI b,,17/01/2019,201845307,DEKRA,238,14.6,8.0,10.4,10.4
LAND ROVER,RANGE ROVER SPORT,RURAL 4/5 PUERTAS,4x4,FORD 306PS,2995,,MANUAL,NAFTA,EURO V,,16/05/2018,ESQ320217,VCA,258,14.9,8.4,10.8,10.8
MERCEDES-BENZ,G 500,FAMILIAR,4x4,MERCEDES-BENZ 176.980,3982,,AUTOMATICA,NAFTA,EURO VI,,17/10/2018,42.04.1417.00,TÜV NORD Mobilität,287.0,15.1,10.4,12.1,12.1
MERCEDES-AMG,MERCEDES-AMG GT 63 S 4MATIC+,SEDÁN 4 PUERTAS,4x4,MERCEDES-BENZ 177.980,3982,470,MANUAL,NAFTA,EURO VI,,22/04/2019,42.04.1415.01,TÜV NORD Mobilität,247.1,15.1,9.1,11.3,11.3
MERCEDES-AMG,MERCEDES-AMG GT C,COUPÉ 2 PUERTAS,4x2,MERCEDES-BENZ 178.980,3982,410,MANUAL,NAFTA,,,26/04/2019,42.04.1430.00,TÜV NORD Mobilität,259,15.1,9,11.4,11.4
HYUNDAI,SANTA FE 3.5 HTRAC,TODOTERRENO,4x4,HYUNDAI G6DC,3470,,AUTOMATICA,NAFTA,EURO V,,6/12/2018,KR18030159,IDIADA,255.1,15.19,8.39,10.89,10.89
MERCEDES-AMG,MERCEDES-AMG GT C,CONVERTIBLE 2 PUERTAS,4x2,MERCEDES-BENZ 178.980,3982,410,MANUAL,NAFTA,,,26/04/2019,42.04.1430.00,TÜV NORD Mobilität,261,15.2,9.1,11.5,11.5
JEEP,GLADIATOR RUBICON 3.6L AT8,PICK UP,4x4,FCA G (3.6L),3604,209,AUTOMATICA,NAFTA,EURO VI b,699,23/07/2020,VCA - TR83-USV484615-00,VCA,289,15.3,10.7,12.4,12.4
JEEP,GLADIATOR SPORT 3.6L AT8. GLADIATOR OVERLAND 3.6L AT8,PICK UP,4x4,FCA G (3.6L),3604,209,AUTOMATICA,NAFTA,EURO VI b,698,23/07/2020,VCA - TR83-USV484615-00,VCA,287.3,15.4,10.5,12.3,12.3
TOYOTA,LAND CRUISER PRADO,TODO TERRENO,4x4,TOYOTA 1GR-FE,3956,202,MANUAL,NAFTA,EURO V,,20/11/2017,H1860666086/106,VINÇOTTE nv,300,15.42,9.20,11.49,11.49
TOYOTA,LAND CRUISER PRADO,TODO TERRENO,4x4,TOYOTA 1GR-FE,3956,202,AUTOMATICA,NAFTA,EURO V,865,11/5/2021,H1860666086/106,VINÇOTTE nv,267.8,15.42,9.20,11.49,11.49
FERRARI,488 PISTA,COUPÉ,4x2,FERRARI F154CD,3902,530,AUTOMATICA,NAFTA,TIER 3,538,25/11/2019,0144/ISP/OMLS/18 Rev. 1,CSI S.p.A.,263,16.1,8.9,11.5,11.5
FERRARI,488 PISTA SPIDER,COUPÉ CONVERTIBLE,4x2,FERRARI F154CD,3902,530,AUTOMATICA,NAFTA,TIER 3,538,15/12/2020,0144/ISP/OMLS/18 Rev. 1,CSI S.p.A.,263,16.1,8.9,11.5,11.5
MERCEDES-BENZ,MERCEDES-AMG G 63,FAMILIAR,4x4,MERCEDES-BENZ 177.980,3982,,AUTOMATICA,NAFTA,EURO VI b,,17/10/2018,42.04.1415.00,TÜV NORD Mobilität,299.3,16.4,11.2,13.1,13.1
TOYOTA,HILUX,PICK UP CABINA DOBLE,4x4,TOYOTA 1GR-FE,3956,,MANUAL,NAFTA,EURO V,,13/08/2018,JSQ320063,VCA,282,16.5,9.6,12.1,12.1
McLAREN,720 S SPIDER,COUPÉ,4x2,4x2,3000,3994,AUTOMATICA,NAFTA,EURO VI,,762,4/11/2020,PC19050272,382,16.7,8.6,11.6,
McLAREN,600LT COUPÉ,COUPÉ,4x2,McLAREN 38JBAE,3799,441,AUTOMATICA,NAFTA,EURO VI,775,25/11/2020,PC19050284,IDIADA,369,16.7,7.9,11.7,11.7
McLAREN,720S,COUPÉ,4x2,McLAREN 40JBAG,3994,530,AUTOMATICA,NAFTA,EURO VI,782,9/12/2020,PC19050271,IDIADA,249,16.7,7.9,11,11
McLAREN,570S COUPÉ,COUPÉ,4x2,McLAREN 38JBAE,3799,419,AUTOMATICA,NAFTA,EURO VI,786,11/12/2020,PC19050270,IDIADA,249,16.7,7.9 ,11,11
AUDI,RSQ8,HATCHBACK 4 PUERTAS CON PORTÓN TRASERO,4x4,AUDI DHUB / CONTINENTAL BSG-HP1-65,3996,441,AUTOMATICA,ELECTRICIDAD,EURO VI,890,18/07/2021,AUA6076A,ATE - EL,283,16.9,9.3,12.1,12.1
HAVAL,H9,RURAL,4x4,GREAT WALL GW4C20,1967,,AUTOMATICA,NAFTA,EURO V,,18/12/2018,88-R101-814/17-00,TÜV Rheinland,288,17.2,9.8,12.5,12.5
CHEVROLET,CAMARO 6.2,SEDÁN 3 PUERTAS COUPÉ,4x2,CHEVROLET LT1 - 6.2L,6162,,MANUAL,NAFTA,EURO VI a,,30/08/2016,LCA 53 0012 297 15,LUXCONTROL S.A.,260,17.4,7.8,11.3,11.3
CHEVROLET,CAMARO,COUPÉ,4x2,CHEVROLET LT1 - 6.2L,6162,333,MANUAL,NAFTA,EURO VI,551,9/12/2019,LCA 53 0012 297 15,LUXCONTROL S.A.,260,17.4,7.8,11.3,11.3
FORD,F150,PICK UP,4x4,FORD 5.0L DOHC / 5.0L DOHC PDFI NAFTA,5038,295,AUTOMATICA,NAFTA,Euro V,680,19/06/2020,7247129,VCA,282,17.7,9.4,12.4,12.4
MERCEDES-AMG,MERCEDES-AMG GT BLACK SERIES,COUPÉ 2 PUERTAS,4x2,MERCEDES-BENZ 178.980,3982,537,AUTOMATICA,NAFTA,EURO VI,781,9/12/2020,42.04.1491.00,TÜV NORD,299,18.0,10.4,13.2,13.2
CHEVROLET,CAMARO 6.2,CONVERTIBLE,4x2,CHEVROLET LT1 - 6.2L,6162,,MANUAL,NAFTA,EURO VI a,,30/08/2016,LCA 53 0012 297 15,LUXCONTROL S.A.,269,18.1,8.1,11.7,11.7
CHEVROLET,CAMARO,CONVERTIBLE,4x2,CHEVROLET LT1 - 6.2L,6162,333,MANUAL,NAFTA,EURO VI,551,9/12/2019,LCA 53 0012 297 16,LUXCONTROL S.A.,269,18.1,8.1,11.7,11.7
MASERATI,LEVANTE GTS,SUV,4x4,MASERATI M161A (404 kW),3798,,MANUAL,NAFTA,EURO VI b,,14/05/2019,J0391/2.1/BO,CENTRO PROVA AUTOVEICOLI DI BOLOGNA,310.8,19.02,10.63,13.69,13.69
MASERATI,LEVANTE TROFEO,SUV,4x4,MASERATI M161A (434 kW),3798,,MANUAL,NAFTA,EURO VI b,,14/05/2019,J0391/2.1/BO,CENTRO PROVA AUTOVEICOLI DI BOLOGNA,220,19.02,10.63,13.69,
PORSCHE,911 GT3 RS,COUPÉ 2 PUERTAS,4x2,PORSCHE DGG,3996,,MANUAL,NAFTA,EURO V,,13/08/2018,42.07.235.01,TÜV NORD Mobilität,296.8,19.2,9.0,12.8,12.8
FORD,MUSTANG,COUPÉ,4x2,FORD 5.0L,5038,,MANUAL,NAFTA,EURO VI b,,12/12/2017,TR83-USS379968-003,VCA,290.13,19.29,8.96,12.73,12.73
FORD,MUSTANG,COUPÉ,4x2,FORD 5.0L,5038,343,AUTOMATICA,NAFTA,402,,19/07/2019,TR83-USS379968-004,VCA,295,19.3,9.3,13.0,
LAND ROVER,RANGE ROVER SPORT,RURAL 4/5 PUERTAS,4x4,FORD 508PS,4999,,MANUAL,NAFTA,EURO VI b,,21/06/2018,ESS384911,VCA,310,19.8,10.0,13.6,
TOYOTA,C-HR,SEDÁN 5 PUERTAS (HATCHBACK),4x2,TOYOTA 2ZR-FKE / TOYOTA 1NM,1798,72,AUTOMATICA,ELECTRICIDAD,440,,9/8/2019,JSV457596,VCA,99,2.39,5.53,4.38,
JEEP,GRAND CHEROKEE SRT,BERLINA,4x4,FCA 6.4L o J,5000,344,AUTOMATICA,NAFTA,EURO VI,577,10/1/2020,RDW-715/2007-0022032,RDW,315,20.3,9.6,13.5,
RAM,RAM 1500SLT 5.7L AT8,PICK UP,4x4,FCA 5.7L (TNXE),5654,291,AUTOMATICA,NAFTA,EURO V,889,18/07/2021,6210460,FCA CHRYSLER AUTOMOVEIS BRASIL,210,20.91,11.29,14.85,
FERRARI,812 SUPERFAST,COUPÉ,4x2,FERRARI F140GA,4000,585,MANUAL,NAFTA,431,,2/8/2019,H0743/2.1/BO ,CENTRO PROVA AUTOVEICOLI DI BOLOGNA,340,21.4,11.1,14.9,
MASERATI,GRAN TURISMO S. GRAN TURISMO MC,COUPÉ,4x2,MASERATI M145B,4691,,AUTOMATICA,NAFTA,EURO V,,18/12/2018,D0566/CC/BO,CENTRO PROVA AUTOVEICOLI BOLOGNA,360,23.80,10.70,15.50,
TOYOTA,PRIUS,SEDÁN 5 PUERTAS,4x2,TOYOTA 2ZR-FXE / TOYOTA 1NM ,1798,,MANUAL,NAFTA,EURO V,,11/4/2019,JSQ326127,VCA,88,3.7,3.8,3.8,
TOYOTA,PRIUS,SEDÁN 5 PUERTAS,4x2,TOYOTA 2ZR-FXE NAFTA ELÉCTRICO,1798,,MANUAL,NAFTA,EURO V,,18/12/2017,JSQ326127,VCA,230,3.8,3.8,3.8,
HYUNDAI,IONIQ HYBRID LH BLUE DRIVE,SEDÁN 5 PUERTAS,4x2,HYUNDAI G4LE / HYUNDAI MOBIS 36500-2BDB0,1580,,MANUAL,ELECTRICIDAD,EURO V,,13/03/2018,83-V039-45954-30,TÜV Rheinland,91,3.9,3.9,4.0,
FORD,KUGA 2.5L FHEV,SUV,4x2,FORD 2.5L DURA D4 IVCT ATK FHEV / TOSHIBA PERMANENT MAGNET SYNCHRONOUS AC MOTOR,2488,121,AUTOMATICA,ELECTRICIDAD,460,,20/08/2019,3071-603239,TÜV Rheinland,120,4.1,5.8,5.1,
PEUGEOT,208,BERLINA 5 PUERTAS,4x2,PEUGEOT DV6DTED (9HP),1560,,MANUAL,GAS OIL,EURO V,,13/06/2016,15/06824,UTAC,330,4.6,3.5,3.9,
FORD,ECOSPORT,SUV 5 PUERTAS,4x2,PSA 1.5 DV5D ,1498,,MANUAL,GAS OIL,EURO V,,,16TXP0445-00,TÜV Rheinland,120.1,4.84,4.43,4.58,
TOYOTA,RAV4,SUV,4x2,TOYOTA A25A-FXS / TOYOTA 3NM,2487,,AUTOMATICA,ELECTRICIDAD,257,,28/03/2019,H1860161643/272,VINÇOTTE nv,106,4.9,4.8,4.7,
CITROËN,C4 SPACETOURER / GRAND C4 SPACETOURER ,MONOVOLUMEN 5 PLAZAS / MONOVULUMEN 7 PLAZAS,4x2,CITROËN 9HC (DV6C),1560,85,MANUAL,GAS OIL,388,,3/6/2019,13/06433,UTAC,112.5,5.09,3.69,4.19,
RENAULT,KANGOO 1.5 FURGÓN,FURGÓN 4,4x2,4x2,5000,1461,MANUAL,GAS OIL,EURO V,,,,PV 11/07100,118.4,5.15,4.11,4.5,
RENAULT,KANGOO 1.5,SEDÁN 4,4x2,4x2,1200,1461,MANUAL,GAS OIL,EURO V,,,,PV 11/07100,118.4,5.15,4.11,4.5,
RENAULT,KANGOO 1.5 CROSS,SEDÁN 5 Y 6 PUERTAS,4x2,RENAULT K9K C6,1461,66,MANUAL,GAS OIL,EURO V,,,PV 11/07100,UTAC,118.4,5.15,4.11,4.5,
LEXUS,IS300H,SEDÁN 4 PUERTAS,4x2,TOYOTA 2AR-FSE / TOYOTA 1KM ,2494,133,AUTOMATICA,ELECTRICIDAD,312,,25/04/2019,VCAJSOC-2015,VCA,115,5.2,5,4.96,
LEXUS,NX350H,SUV,4x4,TOYOTA A25A-FXS / TOYOTA 5NM (Delantero),2000,2487,AUTOMATICA,ELECTRICIDAD,EURO VI,,908,20/08/2021,H2160161643/1238,114,5.3,5.0,5.0,
FORD,MONDEO HYBRID,SEDÁN 4 PUERTAS,4x2, FORD 2.0L PETROL - ELECTRO / TOSHIBA PERMANENT MAGNET AC MOTOR,1999,,AUTOMATICA,ELECTRICIDAD,197,,18/12/2018,UST406233-1,VCA,111,5.4,4.7,4.9,
LEXUS,RX450H,SUV,4x4,TOYOTA 2GR-FXS / TOYOTA 6JM (Delantero),3000,3456,AUTOMATICA,ELECTRICIDAD,EURO VI b,,443,9/8/2019,H1960738528/335,133,5.8,5.7,5.7,
MERCEDES-BENZ,E 220 d 4MATIC ALL TERRAIN,FAMILIAR 4 PUERTAS,4x4,MERCEDES-BENZ 654.920,1950,,MANUAL,GAS OIL,EURO VI b,,7/5/2018,42.04.1342.06,TÜV NORD Mobilität,140,6.0,5.0,5.3,
MINI,COOPER,SEDÁN 3 PUERTAS,4x2,MINI B38A15A,1499,,MANUAL,NAFTA,EURO VI c,,2/8/2018,201742574,DEKRA,122,6.2,4.8,5.3,
DS,DS 7 CROSSBACK,RURAL 5 PUERTAS,4x2,PSA DW10FC (EHZ),1997,,MANUAL,GAS OIL,EURO V,,15/08/2018,18/00879,UTAC,138.5,6.3,4.7,5.3,
LEXUS,NX300H,SUV,4x4,TOYOTA: 2AR-FXE / 2JM (Delantero) / 2FM (Trasero),2494,,AUTOMATICA,ELECTRICIDAD,192,,29/11/2018,H1860666086/097,AIV-VINÇOTTE International n.v.,140,6.3,5.8,6.0,
MINI,COOPER,SEDÁN 5 PUERTAS,4x2,MINI B38A15A,1499,,MANUAL,NAFTA,EURO VI c,,2/8/2018,201742574,DEKRA,123,6.3,4.9,5.4,
AUDI,A1,HATCHBACK 4 PUERTAS CON PORTÓN TRASERO,4x2,AUDI DKJA,999,85,MANUAL,NAFTA,475,,27/08/2019,AUA5866A,ATE - EL,123,6.3,4.9,5.4,
BMW,118i,SEDÁN 3/5 PUERTAS,4x2,BMW B38B15A (100 kW),1499,,MANUAL,NAFTA,EURO VI b,,4/9/2015,201535562,DEKRA,200,6.4,4.6,5.2,
MINI,COOPER,SEDÁN 5 PUERTAS,4x2,MINI B38A15A,1499,,MANUAL,NAFTA,EURO VI c,,2/8/2018,201742555,DEKRA,119,6.4,4.5,5.2,
MINI,COOPER,SEDÁN 3 PUERTAS,4x2,MINI B38A15A,1499,,MANUAL,NAFTA,EURO VI c,,2/8/2018,201742555,DEKRA,118,6.4,4.5,5.2,
MINI,COOPER,CONVERTIBLE,4x2,MINI B38A15F,1499,,MANUAL,NAFTA,EURO VI c,,2/8/2018,201742574,DEKRA,129,6.5,5.2,5.6,
ZOTYE,Z100,SEDÁN 4 PUERTAS Y PORTÓN TRASERO,4x2,UIZHAN TNN3G10K,997,50,MANUAL,NAFTA,EURO V,,8/5/2019,13-00447-CP-SHA-00,TÜV SÜD Auto Service,128,6.5,4.7,5.3,
RENAULT,KWID 1.0 12V,SEDÁN 5 PUERTAS,4x2,RENAULT B4D 405,999,48,MANUAL,NAFTA,EURO V,,23/04/2019,0110/16,DELPHI,120.64,6.52,4.37,5.17,
RENAULT,KWID Ph2 1.0,SEDÁN 5 PUERTAS,4x2,RENAULT B4D A 426,999,48,MANUAL,NAFTA,EURO V,909,26/08/2021,C1_210716_002 - C1_210717_002 ,LABORATORIO DE EMISIONES VEHICULARES RENAULT DO BRASIL,119.83,6.53,4.41,5.15,
LEXUS,GS450H,SEDÁN 4 PUERTAS,4x2,TOYOTA 2GR-FXE,3456,,MANUAL,ELECTRICIDAD,EURO V,,31/08/2016,H16600550047/066,VINÇOTTE nv,145,6.6,5.9,6.2,
MINI,COOPER,CONVERTIBLE,4x2,MINI B38A15F,1499,,MANUAL,NAFTA,EURO VI c,,2/8/2018,201742555,DEKRA,128,6.6,5.0,5.6,
PEUGEOT,308,BERLINA 5 PUERTAS,4x2,PEUGEOT DV6C (9HD),1560,82,MANUAL,GAS OIL,395,,18/06/2019,I + D PE D300 T1 Eva. 1/2019,LCEGV,154.56,6.65,5.41,5.87,
MINI,COOPER S,SEDÁN 3 PUERTAS,4x2,MINI B48A20A,1998,,MANUAL,NAFTA,EURO VI c,,31/08/2018,201742588,DEKRA,125,6.8,4.8,5.5,
VOLKSWAGEN,UP! - UP! TSI,SEDÁN 2 o 4 PUERTAS CON PORTÓN TRASERO,4x2,VOLKSWAGEN DNB,999,,MANUAL,NAFTA,EURO V,,27/06/2017,259/16,LABORATORIO DE VOLKSWAGEN DO BRASIL,126.67,6.9,4.58,5.44,
HYUNDAI,TUCSON,SUV,4x4,HYUNDAI D4HA,1995,,MANUAL,GAS OIL,EURO V,,20/11/2015,VSR337023,VCA,300,6.9,4.8,5.6,
CITROËN / DS,DS 3,BERLINA 3 PUERTAS,4x2,4x2,4000,1598,MANUAL,NAFTA,EURO VI b,,,29/06/2016,15/09978,220,6.9,4.6,5.4,
MINI,COOPER S,SEDÁN 5 PUERTAS,4x2,MINI B48A20A,1998,,MANUAL,NAFTA,EURO VI c,,31/08/2018,201742588,DEKRA,128,6.9,4.9,5.6,
MINI,COOPER S,CONVERTIBLE,4x2,MINI B48A20F,1998,,MANUAL,NAFTA,EURO VI c,,31/08/2018,201742689,DEKRA,131,7.0,5.1,5.7,
FORD,KA,SEDÁN 4 / 5 PUERTAS,4x2,FORD 1.5L Dragon Ti-VCT,1496,90.5,MANUAL,NAFTA,EURO V,,6/7/2018,TPG142379,FORD MOTR COMPANY,134.16,7.04,5.04,5.77,
MINI,JOHN COOPER WORKS,SEDÁN 3 PUERTAS,4x2,MINI B48A20B,1998,,MANUAL,NAFTA,EURO VI c,,31/08/2018,201742506,DEKRA,137,7.1,5.3,6.0,
TOYOTA,YARIS,SEDÁN 4/5 PUERTAS,4x2,TOYOTA 2NR-FE,1496,,MANUAL,NAFTA,EURO V,,6/2/2018,H1760615689/278 TR,VINÇOTTE nv,136.2,7.19,5.07,5.85,
PEUGEOT,508,SEDÁN 4 PUERTAS,4x2,PSA EP6FADTX (5GG),1598,,MANUAL,NAFTA,EURO VI b,,4/12/2018,17/09572,UTAC,131.65,7.19,4.96,5.78,
AUDI,A5 - A5 SPORTBACK,SEDÁN 4 PUERTAS CON PORTÓN TRASERO,4x2,AUDI DEMA / VALEO IST60S,1984,,AUTOMATICA,ELECTRICIDAD,154,,21/09/2018,AUA5387A,ATE-EL LUXEMBOURG,132,7.2,4.9,5.7,
AUDI,A5 - A5 COUPE,COUPÉ 2 PUERTAS,4x2,AUDI DEMA / VALEO IST60S,1984,,AUTOMATICA,ELECTRICIDAD,154,,21/09/2018,AUA5387A,ATE-EL LUXEMBOURG,131,7.2,4.9,5.8,
SUZUKI,VITARA,RURAL 5 PUERTAS 2WD,4x2,SUZUKI M16A,1586,,MANUAL,NAFTA,EURO V,,24/06/2015,RDW-83R-0023329,RDW,200,7.26,5.26,6.00,
HONDA,FIT,SEDÁN 5 PUERTAS,4x2,HONDA L15ZA,1496,,MANUAL,NAFTA,EURO V,,31/01/2018,T02 BST402848 01,VCA,137.51,7.28,5.08,5.90,
HONDA,FIT,SEDÁN 5 PUERTAS,4x2,HONDA L15ZA,1496,88,MANUAL,NAFTA,399,,1/7/2019,T02 BST402848 01,VCA,137.51,7.28,5.08,5.90,
PEUGEOT / CITROËN,TRAVELLER / SPACETOURER,MICROOMNIBUS,4x2,PEUGEOT / CITROËN DW10FD (AHX),1997,,MANUAL,GAS OIL,EURO VI,,22/06/2018,16/06167,UTAC,165.1,7.3,5.8,6.4,
BMW,X2 sDrive 18i,RURAL,4x2,BMW B38A15A,1499,,MANUAL,NAFTA,EURO VI c,,25/07/2018,201743657,DEKRA,139,7.3,5.4,6.1,
MERCEDES-BENZ,A 200,FAMILIAR,4x2,MERCEDES-BENZ 282.914,1333,,MANUAL,NAFTA,EURO VI b,,16/05/2018,42.04.1408.00,TÜV NORD Mobilität,133,7.3,5.0,5.8,
AUDI,A4,SEDÁN 4 PUERTAS,4x2,AUDI DEMA / VALEO IST60S,1984,,AUTOMATICA,ELECTRICIDAD,154,,21/09/2018,AUA5387A,ATE-EL LUXEMBOURG,131,7.3,4.9,5.8,
TOYOTA,ETIOS AIBO,FURGONETA,4x2,4x2,2000,1496,MANUAL,NAFTA,EURO V,,915,9/9/2021,H2160738528/1198,137,7.37,5.02,5.89,
MERCEDES-BENZ,A 180,FAMILIAR,4x2,MERCEDES-BENZ 282.914,1332,,AUTOMATICA,NAFTA,EURO VI b,,18/10/2018,42.04.1408.01,TÜV NORD Mobilität,131.5,7.4,4.9,5.8,
BMW,X1 sDrive 20i,RURAL,4x2,BMW B48A20A,1998,,MANUAL,NAFTA,EURO VI c,,22/01/2018,201741950,DEKRA,139,7.4,5.3,6.1,
BMW,X2 sDrive 20i,RURAL,4x2,BMW B48A20A,1998,,MANUAL,NAFTA,EURO VI c,,31/01/2018,201742594,DEKRA,138,7.4,5.3,6.0,
AUDI,A4 - A4 AVANT,RURAL 4 PUERTAS CON PORTÓN TRASERO,4x2,AUDI DEMA / VALEO IST60S,1984,,AUTOMATICA,ELECTRICIDAD,154,,21/09/2018,AUA5387A,ATE-EL LUXEMBOURG,136,7.4,5.1,6.0,
BMW,120i / 220i,SEDÁN 5 PUERTAS / COUPÉ,4x2,BMW B48B20A,1998,135,MANUAL,NAFTA,EURO VI b,,13/09/2016,201638653,DEKRA,135,7.4,5,5.9,
VOLKSWAGEN,NIVUS,HATCHBACK 4 PUERTAS CON PORTÓN TRASERO,4x2,VOLKSWAGEN DRP,999,70,MANUAL,NAFTA,EURO VI,862,4/5/2021,BR21030007,IDIADA,135,7.4,5,5.9,
MERCEDES-BENZ,B 200,FAMILIAR,4x2,MERCEDES-BENZ 282.914,1332,,MANUAL,NAFTA,EURO VI b,,17/04/2019,42.04.1408.02,TÜV NORD Mobilität,134,7.4,4.9,5.9,
MERCEDES-BENZ,A 200,FAMILIAR,4x2,MERCEDES-BENZ 282.914,1332,,AUTOMATICA,NAFTA,EURO VI,,27/02/2019,42.04.1408.01,TÜV NORD Mobilität,133,7.4,4.9,5.8,
MERCEDES-BENZ,A 200,SEDÁN,4x2,MERCEDES-BENZ 282.914,1332,,AUTOMATICA,NAFTA,EURO VI,,27/02/2019,42.04.1408.01,TÜV NORD Mobilität,132,7.4,4.8,5.8,
MERCEDES-BENZ,CLA 200,SEDÁN 4 PUERTAS,4x2,MERCEDES-BENZ 282.914,1332,120,AUTOMATICA,NAFTA,EURO VI,641,19/03/2020,42.04.1408.03,TÜV NORD,132,7.4,4.8,5.8,
PEUGEOT,308,BERLINA 5 PUERTAS,4x2,PEUGEOT,1598,,MANUAL,NAFTA,EURO V,,17/08/2018,18/00793,UTAC,136.96,7.46,5.17,6.01,
HYUNDAI,GRAND i10,SEDÁN 5 PUERTAS,4x2,HYUNDAI G4LA,1248,,MANUAL,NAFTA,EURO V,,31/01/2017,KR14040131,IDIADA,120,7.46,4.97,5.89,
SUZUKI,VITARA,RURAL 5 PUERTAS 2WD,4x2,SUZUKI M16A,1586,,MANUAL,NAFTA,EURO V,,24/06/2015,RDW-83R-0027134,RDW,220,7.48,5.22,6.05,
CHERY,S5X,BERLINA 4 PUERTAS CON PORTÓN TRASERO,4x2,CHERY SQR371F,998,51,MANUAL,NAFTA,,,5/5/2015,87-715/2017-191/14,TÜV Rheinland,210,7.5,5.3,6.1,
FAW,X40,RURAL 5 PUERTAS,4x2,FAW CA4GB16,1598,80,MANUAL,NAFTA,442,,15/08/2019,CST410761a Issue 1,VCA,150,7.5,5.6,6.3,
AUDI,Q2,SUV 4 PUERTAS CON PORTÓN TRASERO,4x2,AUDI DJKA,1395,110,AUTOMATICA,NAFTA,EURO VI,884,18/06/2021,AUA6303A,ATE - EL,140,7.5,5.3,6.1,
CITROËN / DS,DS 4,BERLINA 5 PUERTAS,4x2,CITROËN EP6FDTX (5GM),1598,,MANUAL,NAFTA,EURO VI b,,13/08/2018,15/06043,UTAC,137.7,7.6,5.0,5.9,
BMW,320i,SEDÁN 4 PUERTAS,4x2,BMW B48B20A,1998,135,MANUAL,NAFTA,EURO VI b,,10/11/2016,201535474,DEKRA,330,7.6,4.7,5.8,
BMW,X2 sDrive 18i,RURAL,4x2,BMW B38A15A,1499,,MANUAL,NAFTA,EURO VI c,,25/07/2018,201743657,DEKRA,143,7.6,5.6,6.3,
AUDI,A5 - A5 CABRIO,COUPÉ CONVERTIBLE 2 PUERTAS,4x2,AUDI DEMA / VALEO IST60S,1984,,AUTOMATICA,ELECTRICIDAD,154,,21/09/2018,AUA5387A,ATE-EL LUXEMBOURG,139,7.6,5.3,6.1,
SUZUKI,VITARA,RURAL,4x4,SUZUKI K14C,1373,103,MANUAL,NAFTA,398,,19/06/2019,RDW-83R-0032634 EXT 2,RDW,138,7.6,4.9,5.9,
KIA,PICANTO,SEDÁN 5 PUERTAS,4x2,HYUNDAI O KIA G4LA-5 O G4LA,1248,61.8,MANUAL,NAFTA,EURO V,,9/10/2017,83-V039-47965-59,TÜV Rheinland,135,7.6,4.7,5.8,
CHEVROLET,ONIX 1.0T,SEDÁN 4 PUERTAS CON PORTÓN TRASERO HB,4x2,CHEVROLET L4F (1.0L T PFI E0 L4F),1000,85,MANUAL,NAFTA,486,,5/9/2019,CPLE-106/2019 Rev.1,GENERAL MOTORS DO BRASIL LTDA.,131.39,7.61,4.51,5.63,
RENAULT,MEGANE 1.2 16V,SEDÁN 5 PUERTAS,4x2,RENAULT H5F F4,1197,,MANUAL,NAFTA,EURO VI b,,4/4/2019,18/05457,UTAC,140.0,7.7,5.0,6.0,
DS,DS 3 CROSSBACK,FAMILIAR 5 PUERTAS,4x2,PSA EB2DT (HNJ) NAFTA,1199,114,AUTOMATICA,NAFTA,423,,31/07/2019,19/04919,UTAC,138.9,7.7,5.2,6.1,
SUZUKI,JIMNY,RURAL,4x4,SUZUKI K15B,1462,,MANUAL,NAFTA,EURO V,,28/03/2019,RDW-83R-0069144,RDW,146,7.7,5.7,6.4,
BMW,220i,CONVERTIBLE,4x2,BMW B48B20A,1998,135,MANUAL,NAFTA,EURO VI b,,13/09/2016,201638653,DEKRA,140,7.7,5.2,6.1,
AUDI,A4,SEDÁN 4 PUERTAS,4x2,AUDI DEMA / VALEO IST60S,1984,,AUTOMATICA,ELECTRICIDAD,160,,1/10/2018,AUA5402A,ATE-EL LUXEMBOURG,135,7.7,5.0,6.0,
AUDI,A5 - A5 SPORTBACK,SEDÁN 4 PUERTAS CON PORTÓN TRASERO,4x2,AUDI DEMA / VALEO IST60S,1984,,AUTOMATICA,ELECTRICIDAD,160,,1/10/2018,AUA5402A,ATE-EL LUXEMBOURG,135,7.7,5.0,6.0,
AUDI,A5 - A5 COUPE,COUPÉ 2 PUERTAS,4x2,AUDI DEMA / VALEO IST60S,1984,,AUTOMATICA,ELECTRICIDAD,160,,1/10/2018,AUA5402A,ATE-EL LUXEMBOURG,134,7.7,4.9,5.9,
TOYOTA,RAV4,SUV,4x2,TOYOTA M20A-FKS,1987,,MANUAL,NAFTA,EURO V,,17/04/2019,H1860672452/023,VINÇOTTE nv,148.6,7.78,5.79,6.5,
KIA,SELTOS,RURAL,4x2,HYUNDAI o KIA G4LD-5 o G4LD,1353,103,AUTOMATICA,NAFTA,EURO V,902,3/8/2021,KR19080214,IDIADA,148.2,7.8,5.71,6.48,
NISSAN,FRONTIER o NP300 FRONTIER,PICK UP,4x4,RENAULT YS23 266 o YS23,2298,,AUTOMATICA,GAS OIL,EURO V,,25/01/2019,PC18070194,IDIADA,181,7.8,6.3,6.9,
RENAULT,ALASKAN 2.3 160 HP 4x4 MT,CAMIONETA 4 PUERTAS,4x4,RENAULT YS23 266,2298,,AUTOMATICA,GAS OIL,EURO V,,27/02/2019,PC18070198,IDIADA,181,7.8,6.3,6.9,
NISSAN,FRONTIER o NP300 FRONTIER,PICK UP,4x2,RENAULT YS23 266 o YS23,2298,,AUTOMATICA,GAS OIL,EURO V,,25/01/2019,PC18070192,IDIADA,177,7.8,6.1,6.7,
RENAULT,ALASKAN 2.3 160 HP 4x2 MT,CAMIONETA 4 PUERTAS,4x2,RENAULT YS23 266,2298,,AUTOMATICA,GAS OIL,EURO V,,27/02/2019,PC18070196,IDIADA,177,7.8,6.1,6.7,
NISSAN,FRONTIER o NP300 FRONTIER,PICK UP,4x2,RENAULT YS23 260 o YS23,2298,,MANUAL,GAS OIL,EURO V,,31/08/2018,PC18040172,IDIADA,176,7.8,6.1,6.7,
RENAULT,ALASKAN 2.3 190 HP,CAMIONETA 4 PUERTAS,4x2,RENAULT YS23 260,2298,,MANUAL,GAS OIL,EURO V,,15/08/2018,PC18040247,IDIADA,176,7.8,6.1,6.7,
CHEVROLET,TRACKER 1.2T,SUV 4 PUERTAS CON PORTÓN TRASERO,4x2,CHEVROLET 1.2L T PFI (L4H),1199,97,MANUAL,NAFTA,EURO V,573,10/1/2020,61GMY0061A,ATE EL,140,7.8,5.0,6.0,
AUDI,A4 - A4 AVANT,RURAL 4 PUERTAS CON PORTÓN TRASERO,4x2,AUDI DEMA / VALEO IST60S,1984,,AUTOMATICA,ELECTRICIDAD,160,,1/10/2018,AUA5402A,ATE-EL LUXEMBOURG,139,7.8,5.1,6.1,
CHEVROLET,ONIX PLUS 1.0T,SEDÁN 4 PUERTAS CON BAÚL TRASERO NB,4x2,CHEVROLET L4F (1.0L T PFI E0 L4F),1000,85,MANUAL,NAFTA,494,,17/09/2019,CPLE-107/2019 Rev.1,GENERAL MOTORS DO BRASIL LTDA.,132.05,7.81,4.46,5.69,
FIAT,PULSE DRIVE AT,SUV,4x2,FIAT 55282059,1332,74,MANUAL,NAFTA,EURO V,896,26/07/2021,3210757,FCA CHRYSLER AUTOMOVEIS BRASIL,142,7.84,5.1,6.11,
HONDA,FIT,SEDÁN 5 PUERTAS,4x2,HONDA L15ZA,1496,,MANUAL,NAFTA,EURO V,,31/01/2018,T02 BST402848 02,VCA,142.92,7.86,5.12,6.13,
TOYOTA,YARIS,SEDÁN 4/5 PUERTAS,4x2,TOYOTA 2NR-FE,1496,,MANUAL,NAFTA,EURO V,,6/2/2018,H1760615689/277 TR,VINÇOTTE nv,143.1,7.88,5.14,6.15,
SUZUKI,VITARA,RURAL 5 PUERTAS 4WD,4x4,SUZUKI M16A,1586,,MANUAL,NAFTA,EURO V,,24/06/2015,RDW-83R-0027135,RDW,200,7.88,5.51,6.38,
MERCEDES-BENZ,SLC 300,CONVERTIBLE,4x2,MERCEDES-BENZ 274.920,1991,,MANUAL,NAFTA,EURO VI b,,13/03/2018,42.04.1314.04,TÜV NORD Mobilität,147.1,7.9,5.3,6.3,
HYUNDAI,TUCSON,SUV,4x2,HYUNDAI D4HA,1995,,MANUAL,GAS OIL,EURO V,,20/11/2015,VSQ316435,VCA,300,7.9,5.1,6.1,
LAND ROVER,RANGE ROVER SPORT,RURAL 4/5 PUERTAS,4x4,FORD 306DT,2993,,MANUAL,GAS OIL,EURO VI b,,16/05/2018,ESQ317814,VCA,185,7.9,6.4,7.0,
BMW,Z4 sDrive 30i ,CONVERTIBLE,4x2,BMW B48B20B,1998,190,MANUAL,NAFTA,EURO VI c,,25/04/2019,201845261,DEKRA,149,7.9,5.7,6.5,
BMW,330i,SEEDÁN 4 PUERTAS,4x2,BMW B48B20B,1998,,MANUAL,NAFTA,EURO VI c,,3/4/2019,201845472,DEKRA,147,7.9,5.6,6.4,
HONDA,FIT,SEDÁN 5 PUERTAS,4x2,HONDA L15ZA,1496,88,AUTOMATICA,NAFTA,403,,22/07/2019,T02 BST402848 02 01,VCA,143,7.9,5.1,6.1,
AUDI,A5 - A5 CABRIO,COUPÉ CONVERTIBLE 2 PUERTAS,4x2,AUDI DEMA / VALEO IST60S,1984,,AUTOMATICA,ELECTRICIDAD,160,,1/10/2018,AUA5402A,ATE-EL LUXEMBOURG,140,7.9,5.2,6.2,
SUZUKI,VITARA,RURAL,4x4,SUZUKI K14C,1373,103,MANUAL,NAFTA,EURO V,,6/5/2019,E4-101R-010962,RDW,145,7.91,5.2,6.2,
CITROËN,DS3,BERLINA 3 PUERTAS,4x2,CITROËN EP6C (5FS) ,1598,,MANUAL,NAFTA,EURO V,,1/10/2012,09/02572,UTAC,141.2,8.0,4.9,6.0,
NISSAN,FRONTIER o NP300 FRONTIER,PICK UP,4x4,RENAULT YS23 260 o YS23,2298,,MANUAL,GAS OIL,EURO V,,31/08/2018,PC18040171,IDIADA,184,8.0,6.4,7.0,
RENAULT,ALASKAN 2.3 190 HP 4x4 MT,CAMIONETA 4 PUERTAS,4x4,RENAULT YS23 260,2298,,MANUAL,GAS OIL,EURO V,,17/08/2018,PC18040248,IDIADA,184,8.0,6.4,7.0,
BMW,X1 xDrive 25i,RURAL,4x4,BMW B48A20B,1998,,MANUAL,NAFTA,EURO VI c,,13/03/2018,201742421,DEKRA,151,8.0,5.9,6.6,
MINI,COOPER S,SEDÁN 3 PUERTAS,4x2,MINI B48A20A,1998,,MANUAL,NAFTA,EURO VI c,,31/08/2018,201742589,DEKRA,144,8.0,5.3,6.3,
HYUNDAI,SANTA FE HTRAC 2.2D,RURAL 5 PUERTAS -- TODOTERRENO,4x4,HYUNDAI D4HB,2199,,AUTOMATICA,GAS OIL,EURO V,,6/12/2018,KR18050097,IDIADA,168.86,8.02,5.47,6.41,
FIAT,UNO DRIVE 1.3 GSE,BERLINA,4x2,FIAT 55282059,1332,,MANUAL,NAFTA,EURO V,,24/07/2018,3180064,FIAT AUTOMOVEIS S.A.,146.42,8.05,5.34,6.34,
FIAT,UNO SPORTING 1.3 GSE,BERLINA,4x2,FIAT 55282059,1332,,MANUAL,NAFTA,EURO V,,24/07/2018,3180064,FIAT AUTOMOVEIS S.A.,146.42,8.05,5.34,6.34,
FIAT,UNO WAY 1.3 GSE,BERLINA,4x2,FIAT 55282059,1332,,MANUAL,NAFTA,EURO V,,24/07/2018,3180064,FIAT AUTOMOVEIS S.A.,146.42,8.05,5.34,6.34,
LEXUS,LS500H,SEDÁN 4 PUERTAS,4x2,TOYOTA: 8GR-FXS / 2NM,3456,,AUTOMATICA,ELECTRICIDAD,213,,9/1/2019,H1760614850/042,VINÇOTTE nv,156.0,8.08,6.46,6.85,
LEXUS,LS500H,SEDÁN 4 PUERTAS,4x2,TOYOTA: 8GR-FXS / 2NM,3456,,AUTOMATICA,ELECTRICIDAD,213,,,H1960738528/472,VINÇOTTE nv,156.0,8.08,6.46,6.85,
PEUGEOT,308,BERLINA 5 PUERTAS,4x2,PEUGEOT EP6FDTR (5GN/5GP),1598,,MANUAL,NAFTA,EURO VI b,,21/04/2016,15/01222,UTAC,220,8.1,4.9,6.0,
NISSAN,KICKS,SEDÁN 5 PUERTAS,4x2,NISSAN HR16,1598,88,MANUAL,NAFTA,EURO V,,20/05/2019,LC 0060 311 19,LUXCONTROL S.A.,154,8.1,5.6,6.7,
NISSAN,KICKS,SEDÁN 5 PUERTAS,4x2,NISSAN HR16,1598,88,MANUAL,NAFTA,EURO V,,3/2/2021,LC 0060 775 20,LUXCONTROL S.A.,154,8.1,5.6,6.7,
MINI,COOPER S,SEDÁN 5 PUERTAS,4x2,MINI B48A20A,1998,,MANUAL,NAFTA,EURO VI c,,31/08/2018,201742589,DEKRA,147,8.1,5.5,6.4,
FIAT,CRONOS DRIVE 1.3,BERLINA,4x2,FIAT 55282059,1332,,MANUAL,NAFTA,EURO V,,10/10/2017,10481,FCA FIAT CHRYSLER AUTOMOVEIS BRASIL,147.65,8.10,5.29,6.33,
HYUNDAI,GRAND i10,SEDÁN 5 PUERTAS,4x2,HYUNDAI G4LA,1248,,AUTOMATICA,NAFTA,EURO V,,31/01/2017,KR14040132,IDIADA,200,8.11,5.46,6.44,
HYUNDAI,TUCSON,RURAL 5 PUERTAS,4x4,4x2 / 4x4,3000,1995,AUTOMATICA,GAS OIL,EURO V,,254,20/03/2019,83-V039-55185-191,168.27,8.12,5.39,6.39,
FIAT,ARGO DRIVE 1.3 ,BERLINA,4x2,FIAT 55282059,1332,,MANUAL,NAFTA,EURO V,,24/10/2017,10268,FCA FIAT CHRYSLER AUTOMÓVEIS BRASIL LTDA.,148.42,8.13,5.32,6.36,
FORD,KA,SEDÁN 4 / 5 PUERTAS,4x2,FORD 1.5L Dragon Ti-VCT,1496,90.5,MANUAL,NAFTA,EURO V,,6/7/2018,TPG142416,FORD MOTR COMPANY,150.06,8.18,5.44,6.45,
HONDA,WR-V,SEDÁN 5 PUERTAS,4x2,HONDA L15Z9,1.496,88,MANUAL,NAFTA,EURO V,,17/05/2019,T02 BSS360549 00 Issue 1,VCA,154.28,8.2,5.7,6.62,
HONDA,WR-V,SEDÁN 5 PUERTAS,4x2,HONDA L15Z9,1.496,88,MANUAL,NAFTA,EURO V,,1/2/2021,T02 BSV480729 01,VCA,154.28,8.2,5.7,6.62,
VOLKSWAGEN,BEETLE,COUPÉ 2 PUERTAS,4x2,4x2,3000,1390,AUTOMATICA,NAFTA,EURO V,,495,17/09/2019,11.06.1876.02,152.9,8.2,5.7,6.6,
CITROËN,DS3,BERLINA 3 PUERTAS,4x2,CITROËN EP6CDT (5FV),1598,,MANUAL,NAFTA,EURO V,,21/12/2011,11/02413,UTAC,140.8,8.2,4.7,6.0,
HYUNDAI,TUCSON,SUV,4x4,HYUNDAI D4HA,1995,,MANUAL,GAS OIL,EURO V,,20/11/2015,VSQ316435,VCA,220,8.2,5.4,6.4,
FORD,RANGER,PICK UP,4x4,4x2,4000,,MANUAL,GAS OIL,EURO V,,,303,23/04/2019,188,8.2,6.5,7,
FORD,RANGER,PICK UP,4x4,4x2,1200,,MANUAL,GAS OIL,EURO V,,,303,7/9/2021,188,8.2,6.5,7,
SUZUKI,JIMNY,RURAL,4x2, 4x4,4000,1462,AUTOMATICA,NAFTA,EURO V,,251,20/03/2019,RDW-83R-0069145,158,8.2,6.1,6.9,
HONDA,WR-V,SEDÁN 5 PUERTAS,4x2,HONDA L15Z9,1496,,MANUAL,NAFTA,EURO V,,13/08/2018,T02 BSS360549 00,VCA,154,8.2,5.7,6.6,
HONDA,HR-V,BERLINA 4 PUERTAS CON PORTÓN TRASERO,4x2,HONDA R18ZB,1799,,MANUAL,NAFTA,EURO V,,3/9/2018,H1860552835/067,VINÇOTTE nv,151,8.2,5.5,6.5,
VOLKSWAGEN,T-CROSS,HATCHBACK 4 PUERTAS CON PORTÓN TRASERO,4x2,VOLKSWAGEN DRP,999,70,MANUAL,NAFTA,EURO VI,901,29/07/2021,BR21060007,IDIADA,149,8.2,5.2,6.3,
HONDA,CIVIC,SEEDÁN 4 PUERTAS,4x2,HONDA L15B7,1498,,MANUAL,NAFTA,EURO V,,18/08/2016,T02 BSR345745 00,VCA,120,8.2,4.9,6.1,
CHEVROLET,CRUZE 1.4,SEDÁN 4 PUERTAS CON PORTÓN TRASERO HB,4x2,CHEVROLET LE2 / A14XFT ,1399,112,MANUAL,NAFTA,EURO V,,28/05/2019,KR19010235,IDIADA,152,8.23,5.58,6.56,
CHEVROLET,CRUZE 1.4,SEDÁN 4 PUERTAS CON PORTÓN TRASERO HB,4x2,CHEVROLET LE2 / A14XFT ,1399,112,MANUAL,NAFTA,EURO V,,18/01/2021,KR20010109,IDIADA,152,8.23,5.58,6.56,
HYUNDAI,KONA,TODOTERRENO,4x4,HYUNDAI G4FJ,1591,,MANUAL,NAFTA,EURO V,,6/9/2018,RDW-715/2007-0056523,RDW,157.42,8.24,6.11,6.89,
CHEVROLET,CRUZE,SEDÁN 4 PUERTAS CON TAPA BAÚL NB,4x2,CHEVROLET LE2 / A14XFT,1399,112,MANUAL,NAFTA,EURO V,,20/05/2019,KR19010233,IDIADA,148.7,8.25,5.33,6.41,
CHEVROLET,CRUZE 1.4 TRANSMISIÓN AUTOMATICA,SEDÁN 4 PUERTAS CON PORTÓN TRASERO HB,4x2,CHEVROLET LE2 / A14XFT ,1399,112,MANUAL,NAFTA,EURO V,,28/05/2019,KR19010236,IDIADA,156.1,8.26,5.84,6.73,
CHEVROLET,CRUZE 1.4 TRANSMISIÓN AUTOMATICA,SEDÁN 4 PUERTAS CON PORTÓN TRASERO HB,4x2,CHEVROLET LE2 / A14XFT ,1399,112,MANUAL,NAFTA,EURO V,,16/12/2020,KR20100171,IDIADA,156.1,8.26,5.84,6,
BMW,530i,SEDÁN 4 PUERTAS,4x2,BMW B48B20B,1998,,AUTOMATICA,NAFTA,EURO VI c,,6/12/2018,201844325,DEKRA,156,8.3,6.0,6.8,
NISSAN,KICKS,SEDÁN 5 PUERTAS,4x2,NISSAN HR16,1598,88,MANUAL,NAFTA,EURO V,,17/09/2021,LC 0060 492 21,LUXCONTROL S.A.,154,8.3,5.7,6.7,
MINI,COOPER S,CONVERTIBLE,4x2,MINI B48A20F,1998,,MANUAL,NAFTA,EURO VI c,,31/08/2018,201742634,DEKRA,150,8.3,5.6,6.6,
CHEVROLET,TRACKER 1.2T,SUV 4 PUERTAS CON PORTÓN TRASERO,4x2,CHEVROLET 1.2L T PFI (L4H),1199,97,MANUAL,NAFTA,EURO V,573,20/04/2021,61GMY0068A,ATE EL,145,8.3,5.0,6.2,
MERCEDES-BENZ,GLA 200,FAMILIAR,4x2,MERCEDES-BENZ 282.914,1332,120,AUTOMATICA,NAFTA,EURO VI,651,2/4/2020,42.04.1452.01,TÜV NORD,142,8.3,5.1,6.3,
JAC,X200,CAMIÓN,4x2,JAC HFC4DB2.1D,1999,,MANUAL,GAS OIL,EURO V,,21/06/2018,CSR325069,VCA,266.0,8.30,12.95,10.02,10.02
CHEVROLET,CRUZE,SEDÁN 4 PUERTAS CON TAPA BAÚL NB,4x2,CHEVROLET LE2 / A14XFT,1399,112,MANUAL,NAFTA,EURO V,,12/1/2021,KR20100168,IDIADA,149.1,8.31,5.35,6.47,
FORD,ECOSPORT,SUV 5 PUERTAS,4x2,FORD 1.5 L DRAGON PFI TiVCT o  1.5 L DRAGON PFI TiCT,1497,,AUTOMATICA,NAFTA,EURO V,,18/02/2019,SESE 1933/2018,FORD MOTOR COMPANY BRASIL,149.66,8.32,5.34,6.44,
CHEVROLET,CRUZE,SEDÁN 4 PUERTAS CON BAÚL TRASERO NB,4x2,CHEVROLET LE2 / A14XFT,1399,112,MANUAL,NAFTA,EURO V,,22/05/2019,KR19010234,IDIADA,152.4,8.33,5.56,6.56,
JEEP,COMPASS SPORT 1.3 AT6,SUV,4x2,FIAT 46348733,1332,129,AUTOMATICA,NAFTA,EURO V,855,6/4/2021,6210078,FCA FIAT CHRYSLER AUTOMOVEIS BRASIL,162.09,8.34,6.14,6.94,
VOLKSWAGEN,VENTO,SEDÁN 4 PUERTAS,4x2,VOLKSWAGEN CZDA,1395,,MANUAL,NAFTA,EURO V,,7/8/2018,CAE-17-2347 C2,CENTRO DE ANÁLISIS DE EMISIONES DE VW DE MÉXICO,142,8.34,4.86,6.16,
FIAT,ARGO TREKKING 1.3,BERLINA,4x2,FIAT 55282059,1332,72.8,MANUAL,NAFTA,429,,1/8/2019,2190692,FCA FIAT CHRYSLER AUTOMOVEIS BRASIL,151.75,8.39,5.49,6.56,
RENAULT,MEGANE RS 1.8 I6v,SEDÁN 5 PUERTAS,4x2,RENAULT M5P M4,1798,205,MANUAL,NAFTA,EURO VI b,,,17/05458,UTAC,157.1,8.4,6.0,7.0,
VOLKSWAGEN,TIGUAN – TIGUAN LWB,SUV – CROSSOVER 4 PUERTAS CON PORTÓN TRASERO,4x4,VOLKSWAGEN DBGC,1968,,MANUAL,GAS OIL,EURO V,,16/05/2018,42.06.953.01,TÜV NORD Mobilität,152.0,8.4,5.9,6.8,
LAND ROVER,DEFENDER,STATION WAGON 3 y 5 PUERTAS,4x4,LAND ROVER 204DTA,1999,147 / 177,AUTOMATICA,GAS OIL,EURO V,879,4/6/2021,GB20060027,IDIADA,202,8.4,7.3,7.6,
FAW,ACTIS T80,CHASIS CON CABINA DOBLE,4x2,FAW CA4GX15,1495,72,MANUAL,NAFTA,EURO V,,13/11/2017,04701-CCC2019QTRWT229741,CHANGCHUN AUTOMOBILE TEST CENTER,161,8.4,5.7,6.7,
NISSAN,KICKS,SEDÁN 5 PUERTAS,4x2,NISSAN HR16,1598,88,MANUAL,NAFTA,EURO V,,21/05/2019,LC 0060 313 19,LUXCONTROL S.A.,150,8.4,5.3,6.4,
NISSAN,KICKS,SEDÁN 5 PUERTAS,4x2,NISSAN HR16,1598,88,MANUAL,NAFTA,EURO V,,3/2/2021,LC 0060 313 19,LUXCONTROL S.A.,150,8.4,5.3,6.4,
NISSAN,KICKS,SEDÁN 5 PUERTAS,4x2,NISSAN HR16,1598,88,MANUAL,NAFTA,EURO V,,17/09/2021,LC 0060 490 21,LUXCONTROL S.A.,150,8.4,5.3,6.4,
FIAT,PULSE MT,SUV,4x2,FIAT 55282059,1332,74,MANUAL,NAFTA,EURO V,893,26/07/2021,2210539,FCA CHRYSLER AUTOMOVEIS BRASIL,147.77,8.42,5.1,6.33,
CHEVROLET,ONIX PLUS 1.0T,SEDÁN 4 PUERTAS CON PORTÓN TRASERO HB,4x2,CHEVROLET L4F (1.0L T PFI E0 L4F),1000,85,AUTOMATICA,NAFTA,EURO V,496,18/09/2019,CPLE-105/2019 Rev.1,GENERAL MOTORS DO BRASIL LTDA.,142.57,8.42,4.78,6.12,
CHEVROLET,CRUZE,SEDÁN 4 PUERTAS CON BAÚL TRASERO NB,4x2,CHEVROLET LE2 / A14XFT,1399,112,MANUAL,NAFTA,EURO V,,12/1/2021,KR20100169,IDIADA,154.4,8.44,5.63,6.67,
CHEVROLET,ONIX PLUS 1.0T,SEDÁN 4 PUERTAS CON BAÚL TRASERO NB,4x2,CHEVROLET L4F (1.0L T PFI E0 L4F) ,1000,85,AUTOMATICA,NAFTA,EURO V,510,11/10/2019,CPLE-108/2019 Rev.2,GENERAL MOTORS DO BRASIL LTDA.,138.78,8.44,4.53,5.96,
JEEP,COMPASS LONGITUDE 1.3 AT6. COMPASS LIMITED 1.3 AT6,SUV,4x2,FIAT 46348733,1332,129,AUTOMATICA,NAFTA,EURO V,854,6/4/2021,6210047,FCA FIAT CHRYSLER AUTOMOVEIS BRASIL,167.99,8.46,6.47,7.2,
VOLKSWAGEN,TOUAREG,SUV – CROSSOVER 4 PUERTAS CON PORTÓN TRASERO,4x4,VOLKSWAGEN CVMC,2967,190,MANUAL,GAS OIL,476,,27/08/2019,42.06.1022.00,TÜV NORD Mobilität,194,8.5,6.7,7.4,
FAW,ACTIS T80,CHASIS CON CABINA SIMPLE,4x2,FAW CA4GX15,1495,72,MANUAL,NAFTA,EURO V,,13/11/2017,04701-CCC2019QTRWT230741,CHANGCHUN AUTOMOBILE TEST CENTER,166,8.5,6.0,6.9,
FAW,ACTIS V80,MINIBUS - FURGÓN,4x2,FAW CA4GX15,1495,72,MANUAL,NAFTA,EURO V,,5/12/2017,88-R101-515/14-00,TÜV Rheinland,163,8.5,6.1,7.0,
MINI,JOHN COOPER WORKS,CONVERTIBLE,4x2,MINI B48A20B,1998,,MANUAL,NAFTA,EURO VI c,,31/08/2018,201742506,DEKRA,144,8.5,5.8,6.8,
MERCEDES-BENZ,C 200,SEDÁN 4 PUERTAS,4x2,MERCEDES-BENZ 264.915,1497,,AUTOMATICA,NAFTA,EURO VI,,18/12/2018,42.04.1427.00,TÜV NORD Mobilität,138.4,8.6,5.3,6.6,
SUBARU,FORESTER,RURAL,4x4,SUBARU FB20,1995,,AUTOMATICA,NAFTA,EURO V,,18/12/2018,LC 0050 070 18,LUXCONTROL S.A.,162,8.6,6.0,7.0,
MINI,JOHN COOPER WORKS,SEDÁN 3 PUERTAS,4x2,MINI B48A20B,1998,,MANUAL,NAFTA,EURO VI c,,31/08/2018,201742506,DEKRA,157,8.6,5.9,6.9,
VOLKSWAGEN,VIRTUS,SEDÁN 4 PUERTAS,4x2,VOLKSWAGEN CWS,1598,81,MANUAL,NAFTA,EURO V,834,24/02/2021,BR19100035,IDIADA,156,8.6,5.6,6.7,
NISSAN,MARCH,SEDÁN 5 PUERTAS,4x2,NISSAN HR16,1598,79,MANUAL,NAFTA,EURO V,,,LC 0061 B31 18,LUXCONTROL S.A.,151,8.6,5.3,6.5,
MERCEDES-BENZ,GLB 200,FAMILIAR,4x2,MERCEDES-BENZ 282.914,1332,120,AUTOMATICA,NAFTA,EURO VI,651,2/4/2020,42.04.1452.01,TÜV NORD,150,8.6,5.3,6.6,
JEEP,COMMANDER LIM T270. COMMANDER OVR T270,SUV,4x2,FIAT 46348733,1332,129,AUTOMATICA,NAFTA,EURO V,891,21/07/2021,5210506,FCA CHRYSLER AUTOMOVEIS BRASIL,167.36,8.64,6.15,7.07,
PEUGEOT / CITROËN,301 / C-ELYSÉE ,BERLINA 4 PUERTAS,4x2,PEUGEOT / CITROËN EC5 (NFP) ,1587,,MANUAL,NAFTA,EURO VI b,,12/8/2016, 15/0777,UTAC,150.0,8.7,5.0,6.4,
MERCEDES-BENZ,A 250,FAMILIAR,4x2,MERCEDES-BENZ 260.920,1991,,AUTOMATICA,NAFTA,EURO VI b,,21/09/2018,42.04.544.00,TÜV NORD Mobilität,144.5,8.7,5.2,6.5,
HYUNDAI,CRETA (ix25),SUV,4x2,HYUNDAI G4FG,1591,,MANUAL,NAFTA,EURO V,,1/4/2016,KR15060114,IDIADA,210,8.7,5.6,6.7,
HONDA,CR-V,RURAL,4x4,HONDA L15BE,1498,,MANUAL,NAFTA,EURO V,,9/8/2017,H1760552835/004,VINÇOTTE nv,161,8.7,5.8,6.9,
MINI,JOHN COOPER WORKS,CONVERTIBLE,4x2,MINI B48A20B,1998,,MANUAL,NAFTA,EURO VI c,,31/08/2018,201742506,DEKRA,159,8.7,5.9,7.0,
FORD,ECOSPORT,SUV,4x2,FORD 1.5L DRAGON PFI TiVCT (XZJD),1496,90.5,MANUAL,NAFTA,EURO V,816,10/2/2021,TR02 USP297051 ,INTA,152.3,8.74,5.34,6.59,
FORD,ECOSPORT,SUV,4x2,FORD 1.5L DRAGON PFI TiVCT (XZJD),1496,90.5,MANUAL,NAFTA,EURO V,816,,17-101000000-0523 Ext.8,INTA,152.3,8.74,5.34,6.60,
RENAULT,SANDERO Ph2 1.6 CVT. SANDERO Ph2 GT LINE 1.6 CVT,SEDÁN 5 PUERTAS,4x2,RENAULT H4M J 759,1598,82,MANUAL,NAFTA,437,,6/8/2019,1-0152/19,DELPHI Technologies,158.35,8.75,5.63,6.78,
FIAT,PULSE AUDACE T200 / PULSE IMPETUS T200,SUV,4x2,FIAT 46347978,999,84.3,MANUAL,NAFTA,EURO V,897,26/07/2021,5210734,FCA CHRYSLER AUTOMOVEIS BRASIL,160,8.78,5.59,6.76,
FORD,TRANSIT,FURGÓN,4x2,FORD 2.2L PUMA (CYR5),2198,,MANUAL,GAS OIL,EURO VI,,28/03/2019,ESN263871-3.15,VCA,208.36,8.8,7.0,7.7,7.7
RENAULT,SANDERO Ph2 STEPWAY 1.6 CVT,SEDÁN 5 PUERTAS,4x2,RENAULT H4M J 759,1598,82,MANUAL,NAFTA,438,,6/8/2019,2-0151/19,DELPHI Technologies,161.7,8.8,5.83,6.93,
PEUGEOT,308,BERLINA 5 PUERTAS,4x2,PEUGEOT EP6FDTM (5GY),1598,,MANUAL,NAFTA,EURO V,,12/4/2018,16/07298,UTAC,153.0,8.8,5.2,6.5,
PEUGEOT / CITROËN,301 / C-ELYSÉE ,BERLINA 4 PUERTAS,4x2,PEUGEOT / CITROËN EC5 (NFP),1587,,MANUAL,NAFTA,EURO V,,7/10/2013,12/03150,UTAC,330,8.8,5.3,6.5,
CHANGAN,M201,FURGÓN,4x2,CHANGAN JL473Q,1243,68,MANUAL,NAFTA,EURO V,,6/5/2019,CN18120785,IDIADA,172,8.8,6.2,7.2,
BMW,X3 sDrive 20i,RURAL,4x2,BMW B48B20A,1998,,MANUAL,NAFTA,EURO VI d,,16/05/2018,201742827,DEKRA,169,8.8,6.6,7.4,
CHERY,TIGGO 4,HATCHBACK,4x2,CHERY SQRE4G15B,1499,83,AUTOMATICA,NAFTA,EURO V,829,25/02/2021,CN20070700,IDIADA,164,8.8,5.8,6.9,
VOLKSWAGEN,POLO,HATCHBACK 4 PUERTAS CON PORTÓN TRASERO,4x2,VOLKSWAGEN CWS,1598,81,MANUAL,NAFTA,EURO V,833,24/02/2021,BR19100033,IDIADA,161,8.8,5.8,6.9,
HYUNDAI,VELOSTER 1.6T,COUPÉ 4 PUERTAS,4x2,HYUNDAI G4FJ,1591,,MANUAL,NAFTA,EURO V,,5/4/2018,83-V039-52789-60,TÜV Rheinland,157,8.8,5.5,6.7,
RENAULT,LOGAN Ph2 1.6,SEDÁN 4 PUERTAS,4x2,RENAULT H4M J 759,1598,82,MANUAL,NAFTA,441,,9/8/2019,2-0151/19,DELPHI Technologies,161.71,8.80,5.84,6.93,
CITROËN,C4 SPACETOURER,MONOVOLUMEN 7 PLAZAS,4x2,CITROËN 5GY (EP6FDTM),1598,121.4,MANUAL,NAFTA,432,,2/8/2019,14/00859,UTAC,153.3,8.9,5,6.4,
TOYOTA,HILUX,PICK UP CABINA SIMPLE,4x4,4x2 - 4x4,3000,2393,MANUAL,GAS OIL,EURO V,,,3/8/2017,JST407442,197,8.9,6.6,7.5,
RAM,RAM 1200 4X4 MT,PICK UP,4x4,MITSUBISHI 4N15,2442,,MANUAL,GAS OIL,EURO V,,31/08/2018,H1760156936/519,VINÇOTTE nv,192,8.9,6.3,7.3,
FAW,R7,RURAL 5 PUERTAS,4x2,FAW CA4GB16,1598,80,MANUAL,NAFTA,EURO V,,6/5/2019,CST393244a,VCA,177,8.9,6.6,7.5,
BMW,X3 xDrive 20i,RURAL,4x4,BMW B48B20A,1998,,MANUAL,NAFTA,EURO VI d,,16/05/2018,201742827,DEKRA,173,8.9,6.8,7.6,
AUDI,A4 – A4 ALLROAD. A5 – A5 CABRIO,RURAL 4 PUERTAS CON PORTÓN TRASERO,4x2,4x4,2000,1984,AUTOMATICA,ELECTRICIDAD,EURO VI,,809,25/01/2021,AUA6020A,163,8.9,6.1,7.1,
AUDI,A4. A5 COUPÉ,SEDÁN 4 PUERTAS,4x2,4x4,1200,1984,AUTOMATICA,ELECTRICIDAD,EURO VI,,809,25/01/2021,AUA6020A,162,8.9,6,7.1,
KIA,RIO,SEDÁN 5 PUERTAS,4x2,HYUNDAI O KIA G4FG-5 o G4FG,1591,90.2,MANUAL,NAFTA,EURO V,,9/10/2017,KR16120017,IDIADA,157.4,8.93,5.52,6.77,
KIA,RIO,SEDÁN 5 PUERTAS,4x2,HYUNDAI O KIA G4FG-5 o G4FG,1591,90.2,MANUAL,NAFTA,EURO V,,9/10/2017,KR16120018,IDIADA,156.0,8.93,5.4,6.7,
FORD,RANGER,PICK UP,4x4,4x4,5000,,MANUAL,GAS OIL,EURO V,,,303,23/04/2019,205,9.0,7.1,8,
FORD,RANGER,PICK UP,4x4,4x4,2000,,MANUAL,GAS OIL,EURO V,,,303,7/9/2021,205,9.0,7.1,8,
AUDI,Q5,STATION WAGON - SUV - CROSSOVER 4 PUERTAS CON PORTÓN TRASERO,4x4,AUDI CVMD,2967,,AUTOMATICA,GAS OIL,EURO V,,21/09/2018,AUA5440A,ATE-EL LUXEMBOURG,201,9.0,6.9,7.7,
BMW,X4 xDrive 20i,SEDÁN 5 PUERTAS,4x4,BMW B48B20A,1998,,MANUAL,NAFTA,EURO VI c,,13/08/2018,201843871,DEKRA,178,9.0,7.1,7.8,
HONDA,ACCORD,SEDÁN 4 PUERTAS,4x2,HONDA L15BE,1498,,MANUAL,NAFTA,EURO V,,13/04/2018,H1760552835/097,VINÇOTTE nv,156,9.0,5.3,6.7,
FORD,ECOSPORT,SUV 5 PUERTAS,4x2,FORD 1.5 L DRAGON PFI TiVCT o  1.5 L DRAGON PFI TiCT,1497,,AUTOMATICA,NAFTA,EURO V,,29/01/2019,SESE 1932/2018,FORD MOTOR COMPANY BRASIL,160.11,9.01,5.67,6.90,
ALFA ROMEO,GIULIA 2.0 VELOCE,BERLINA,4x4,ALFA ROMEO 55273835,1995,,MANUAL,NAFTA,EURO VI b,,9/10/2017,G0680/2/BO,CENTRO PROVA AUTOVEICOLI BOLOGNA,149.14,9.04,5.00,6.47,
HONDA,CIVIC,SEDÁN 4 PUERTAS,4x2,HONDA R20Z5,1997,,MANUAL,NAFTA,EURO V,,18/08/2016,T02 BSR345745 01,VCA,200,9.09,5.46,6.80,
HYUNDAI,CRETA (ix25),SUV,4x2,HYUNDAI G4FG,1591,,MANUAL,NAFTA,EURO V,,1/4/2016,KR15060114,IDIADA,300,9.1,5.8,7.0,
JAC,T6,PICK UP,4x2, 4x4,4000,1998,MANUAL,GAS OIL,EURO V,,56,20/04/2018,17/07916,222,9.1,8.00,8.4,
JAC,T8,PICK UP,4x2, 4x4,5000,1998,MANUAL,GAS OIL,EURO V,,56,28/02/2020,17/07916,222,9.1,8.00,8.4,
KIA,SPORTAGE,RURAL,4x2, 4x4,2000,1995,AUTOMATICA,GAS OIL,EURO V,,,20/04/2016,83-V039-133042998-108,220,9.1,5.6,6.9,
TOYOTA,HILUX,PICK UP CABINA DOBLE,4x4,TOYOTA 1GD-FTV,2755,,MANUAL,GAS OIL,EURO  V,,22/06/2018,JST407441,VCA,208,9.1,7.2,7.9,
KYC,MAMUT,COMERCIAL LIVIANO,4x2,DFSK DK15-10,997,72,MANUAL,NAFTA,397,,19/06/2019,CS101-A0-2018-01065,TÜV NORD,185,9.1,6.8,7.7,
CHANGAN,MD201 o MD201-D,PICK UP,4x2,CHANGAN JL473Q,1243,68,MANUAL,NAFTA,EURO V,,6/5/2019,CN18120787,IDIADA,173,9.1,6.1,7.2,
BAIC,BJ20,RURAL,4x2,BAIC 4A91T,1499,100,MANUAL,NAFTA,311,,25/04/2019,LCA 51 1236 047 17,LUXCONTROL S.A.,170,9.1,6.2,7.3,
AUDI,A4 – A4 AVANT,RURAL 4 PUERTAS CON PORTÓN TRASERO,4x4,AUDI DDWB / VALEO IST60S,1984,183,AUTOMATICA,ELECTRICIDAD,EURO VI,809,25/01/2021,AUA6020A,ATE-EL LUXEMBOURG,169,9.1,6.4,7.4,
AUDI,A5 – A5 SPORTBACK,HATCHBACK 4 PUERTAS CON PORTÓN TRASERO,4x4,AUDI DDWB / VALEO IST60S,1984,183,AUTOMATICA,ELECTRICIDAD,EURO VI,809,25/01/2021,AUA6020A,ATE-EL LUXEMBOURG,169,9.1,6.1,7.4,
VOLKSWAGEN,T-CROSS,SUV 4 PUERTAS Y PORTÓN TRASERO,4x2,VOLKSWAGEN CWSA,1598,81,MANUAL,NAFTA,306,,24/04/2019,BR19020008,IDIADA,163,9.1,5.8,7,
NISSAN,MARCH,SEDÁN 5 PUERTAS,4x2,NISSAN HR16,1598,79,MANUAL,NAFTA,EURO V,,,LC 0061 B32 18,LUXCONTROL S.A.,160,9.1,5.6,6.9,
MERCEDES-BENZ,B 250 AUTOMATICA,FAMILIAR,4x2,MERCEDES-BENZ 260.920,1991,165,MANUAL,NAFTA,EURO VI,,23/04/2019,42.04.1444.00,TÜV NORD Mobilität,155,9.1,5.5,6.8,
MERCEDES-BENZ,A 250 AUTOMATICA,SEDÁN 4 PUERTAS,4x2,MERCEDES-BENZ 260.920,1991,165,MANUAL,NAFTA,EURO VI,,23/04/2019,42.04.1444.00,TÜV NORD Mobilität,151,9.1,5.2,6.6,
MERCEDES-BENZ,CLA 250,SEDÁN 4 PUERTAS,4x2,MERCEDES-BENZ 260.920,1991,165,AUTOMATICA,NAFTA,EURO VI,640,19/03/2020,42.04.1444.00,TÜV NORD,151,9.1,5.3,6.7,
VOLKSWAGEN,GOLF o GOLF GTI,SEDÁN 2 o 4 PUERTAS CON PORTÓN TRASERO,4x2,VOLKSWAGEN CXDB,1984,,MANUAL,NAFTA,EURO V,,22/01/2018,CAE-16-3149,CENTRO DE ANÁLISIS DE EMISIONES DE VW DE MÉXICO,168.21,9.17,6.16,7.25,
JEEP,COMPASS TRAILHAWK 2.0 AT9 4WD,BERLINA,4x4,FIAT 55261674,1956,,MANUAL,GAS OIL,EURO V,,2/3/2018,16982,FCA FIAT CHRYSLER AUTOMOVEIS BRASIL,187.55,9.19,5.95,7.13,7.13
LEXUS,NX250,SUV,4x4,TOYOTA A25A-FKS,2487,152,AUTOMATICA,NAFTA,EURO VI,912,,H2160161643/1672,VINÇOTTE nv,162.7,9.19,5.95,7.14,
RENAULT,MASTER dCi,FURGÓN / CHASIS CON CABINA,4x2,RENAULT M9T B8,2299,92,MANUAL,GAS OIL,EURO V,,12/7/2017,PV 13/06222,UTAC,214.8,9.2,7.4,8,8
MITSUBISHI,OUTLANDER,RURAL,4x2, 4x4,2000,2360,AUTOMATICA,NAFTA,EURO  V,,425,31/07/2019,42.09.145.00,176.1,9.2,6,7.2,
RENAULT,NUEVO DUSTER 1.3 CVT,SEDÁN 5 PUERTAS,4x2,RENAULT H5H A 452,1333,115,MANUAL,NAFTA,EURO V,660,17/04/2020,B1_191210_003,VISTECO TECHNOLOGIES,167.7,9.2,6,7.2,
PEUGEOT / CITROËN,301 / C-ELYSÉE ,BERLINA 4 PUERTAS,4x2,PEUGEOT / CITROËN EC5 (NFP) ,1587,,MANUAL,NAFTA,EURO VI b,,,15/07251,UTAC,157.8,9.2,5.3,6.8,
RAM,RAM 1200 4X4 AT,PICK UP,4x4,MITSUBISHI 4N15,2442,,MANUAL,GAS OIL,EURO V,,17/08/2018,H1660156936/709,VINÇOTTE nv,207,9.2,6.8,7.7,
CHANGAN,MD201 o MD201-X,PICK UP,4x2,CHANGAN JL473Q,1243,68,MANUAL,NAFTA,EURO V,,6/5/2019,CN18120786,IDIADA,190,9.2,6.5,7.5,
CHANGAN,CS35 PLUS,SEDÁN 5 PUERTAS,4x2,CHANGAN JL478QEP,1598,86,MANUAL,NAFTA,427,,20/08/2019,CN19010035,IDIADA,172,9.2,6,7.2,
ZOTYE,Z360,SEDÁN 4 PUERTAS Y PORTÓN TRASERO,4x2,RUIZHAN TNN4G15A,1499,77,MANUAL,NAFTA,EURO V,,9/5/2019,88-R101-240/13,TÜV Rheinland,172,9.2,6,7.2,
LIFAN,FOISON: TRUCK-STAKE TRUK-BOX-CARGO FURGÓN,PICK UP: CAJA BAJA,4x2, CAJA PAQUETERA,3000,4x2,MANUAL,NAFTA,EURO V,,,,,168,9.2,8,7,
BMW,X2 M35i,RURAL,4x4,BMW B48A20E,1998,225,MANUAL,NAFTA,EURO VI c,,5/6/2019,18-00075-CZ-GBM-00,TÜV SÜD Czech s.r.o.,168,9.2,6.3,7.4,
VOLVO,XC40 B5,SUV 4/5 PUERTAS,4x4,VOLVO B420T10 / SEG ISGM,1969,184,AUTOMATICA,ELECTRICIDAD,EURO VI,910,31/08/2021,E9*101R01/09*6936*00,IDIADA,165,9.2,6.1,7.2,
DONGFENG,AX4,SEDÁN 5 PUERTAS,4x2,DONGFENG DFM A16,1556,,AUTOMATICA,NAFTA,EURO V,,27/02/2019,65DMA0196A,ATE-EL LUXEMBOURG,165,9.2,5.8,7.0,
DS,DS 4,RURAL 5 PUERTAS,4x2,PSA EP6FADTXM (EGP),1598,158,AUTOMATICA,NAFTA,EURO VI,885,5/7/2021,21/01295,UTAC,159,9.2,5.7,7,
FORD,FOCUS,HATCH 5 PUERTAS,4x2,FORD 1.6L Sigma I-4,1596,,MANUAL,NAFTA,,EURO V,,31/01/2017,ESR340701,152.55,9.24,4.98,6.55,
RENAULT,SANDERO Ph2 STEPWAY 1.6,SEDÁN 5 PUERTAS,4x2,RENAULT H4M J 759,1598,82,AUTOMATICA,NAFTA,421,,26/07/2019,1-0061/19,DELPHI Technologies,168.46,9.25,6,7.2,7.2
ISUZU,D-MAX,PICK UP,4x4,ISUZU 4JJ1E5S-LA o 4JJ1,2999,,AUTOMATICA,GAS OIL,EURO V,,2/1/2019,82-Rep101-99152TFAT/18,TÜV Rheinland,212.10,9.28,7.37,8.06,8.06
VOLVO,XC60,RURAL 4/5 PUERTAS,4x4,VOLVO B420T / SEG EEA-BA,1969,220,AUTOMATICA,ELECTRICIDAD,EURO VI d,864,11/5/2021,TR*715/2007*2018/1832*0231*02,AVL MTC AB,213.2,9.3,6.2,7.32,7.32
AUDI,Q8,STATION WAGON - SUV - CROSSOVER - 4 PUERTAS CON PORTÓN TRASERO,4x4,AUDI CVMD,2967,183,MANUAL,GAS OIL,EURO V,,30/04/2019,AUA5589A,ATE-EL LUXEMBOURG,210,9.3,7.1,7.9,7.9
AUDI,Q7,SUV – CROSSOVER 4 PUERTAS CON PORTÓN TRASERO,4x4,AUDI CYRB,1984,185,MANUAL,NAFTA,308,,29/04/2019,AUA5140C,ATE-EL LUXEMBOURG,188,9.3,7.2,8,8
BMW,X4 xDrive 30i,SEDÁN 5 PUERTAS,4x4,BMW B48B20B,1998,,MANUAL,NAFTA,EURO VI c,,15/08/2018,201743689,DEKRA,177,9.3,6.9,7.8,7.8
SUBARU,OUTBACK,RURAL,4x4,SUBARU FB25,2498,138,MANUAL,NAFTA,EURO VI,881,4/6/2021,LC 0050 473 20,LUXCONTROL S.A,168,9.3,6.2,7.3,7.3
KIA,CERATO. CERATO FORTE,SEDÁN 4 PUERTAS,4x2,HYUNDAI o KIA G4FHG-5 o G4FG,1591,93.8,MANUAL,NAFTA,EURO V,,21/05/2019,KR18060095,IDIADA,163,9.3,5.8,7.1,7.1
VOLKSWAGEN,NIVUS,HATCHBACK 4 PUERTAS CON PORTÓN TRASERO,4x2,VOLKSWAGEN DHS,999,85,AUTOMATICA,NAFTA,EURO VI,728,21/08/2020,BR20070003,IDIADA,161,9.3,5.6,6.9,6.9
NISSAN,SENTRA,SEDÁN 4 PUERTAS,4x2,NISSAN MRA8,1798,,MANUAL,NAFTA,EURO V,,27/03/2019,LC 0061 B36 18,LUXCONTROL S.A.,159,9.3,5.4,6.9,6.9
ISUZU,D-MAX,PICK UP,4x2,ISUZU 4JJ3E5S-LA o 4JJ3,2999,140,MANUAL,GAS OIL,EURO V,845,23/03/2021,82-R101-17437CM/19,TÜV Rheinland,194.26,9.32,6.25,7.37,7.37
FIAT,FIORINO ENDURANCE 1.4L,PICK UP,4x2,FIAT 327A0055,1368,72.8,MANUAL,NAFTA,EURO V,892,21/07/2021,6210805,FCA CHRYSLER AUTOMOVEIS BRASIL,166.33,9.39,5.8,7.12,7.12
FORD,RANGER RAPTOR,PICK UP CABINA DOBLE,4x4,FORD 2.0L GAS OIL BI-TURBO,1996,,AUTOMATICA,GAS OIL,EURO V,,1/3/2017,OST407829 (P-5-57),VCA,217,9.4,7.6,8.3,8.3
AUDI,Q7,STATION  WAGON,4x2, SUV,1200,4x4,AUTOMATICA,GAS OIL,EURO V,,,,684,211,9.4,7,8,
BAIC,BJ20,RURAL,4x2,BAIC 4A91T,1499,100,MANUAL,NAFTA,309,,25/04/2019,LCA 51 1236 047 17,LUXCONTROL S.A.,179,9.4,6.7,7.7,7.7
SUBARU,FORESTER,RURAL,4x4,SUBARU FB25,2498,,AUTOMATICA,NAFTA,EURO VI,,7/12/2018,LC 0050 077 18,LUXCONTROL S.A.,170,9.4,6.4,7.5,7.5
VOLKSWAGEN,T-CROSS,SUV 4 PUERTAS Y PORTÓN TRASERO,4x2,VOLKSWAGEN CWSA,1598,81,MANUAL,NAFTA,305,,24/04/2019,BR19020006,IDIADA,167,9.4,5.8,7.2,7.2
AUDI,Q3 SPORTBACK,HATCHBACK,4x2,AUDI CZDA,1395,110,AUTOMATICA,NAFTA,EURO VI,599,10/2/2020,AUA5819B,ATE - EL,167,9.4,6.1,7.3,7.3
AUDI,Q3,SUV 4 PUERTAS CON PORTÓN TRASERO,4x2,AUDI CZDA,1395,110,AUTOMATICA,NAFTA,EURO VI,527,12/11/2019,AUA5790A,ATE - EL,166,9.4,6.1,7.3,7.3
BMW,M140i,SEDÁN 3 PUERTAS / 5 PUERTAS / COUPÉ,4x2,BMW B58B30A,2998,,MANUAL,NAFTA,EURO VI b,,24/10/2016,201638657,DEKRA,163,9.4,5.8,7.1,7.1
BMW,M240i,CONVERTIBLE,4x2,BMW B58B30A,2998,,MANUAL,NAFTA,EURO VI b,,24/10/2016,201638657,DEKRA,163,9.4,5.8,7.1,7.1
RENAULT,CAPTUR 1.6 16v CVT,SEDÁN 5 PUERTAS,4x2,RENAULT H4M D4 - D7,1598,84,MANUAL,NAFTA,EURO V,,28/08/2017,R2-0254/17,DELPHI,170.11,9.43,6.04,7.29,7.29
TOYOTA,RAV4,SUV,4x4,TOYOTA A25A-FKS,2487,,MANUAL,NAFTA,EURO V,,20/03/2019,H1860672452/026,VINÇOTTE nv,168.2,9.45,6.20,7.40,7.40
FORD,ECOSPORT,SUV,4x2,FORD 1.5L DRAGON PFI TiVCT (XZJD),1496,90.5,AUTOMATICA,NAFTA,EURO V,817,10/2/2021,TR02 USP297051 ,INTA,164.2,9.47,5.73,7.1,7.1
FORD,ECOSPORT,SUV,4x2,FORD 1.5L DRAGON PFI TiVCT (XZJD),1496,90.5,AUTOMATICA,NAFTA,EURO V,817,19/07/2021,17-101000000-0523 Ext.8,INTA,164.2,9.47,5.73,7.1,7.1
CITROËN,C4 CACTUS,FAMILIAR 5 PUERTAS,4x2,CITROËN EC5 (NFP),1587,,MANUAL,NAFTA,EURO V,,6/7/2018,3-0241/17,DELPHI,182.49,9.48,6.83,7.81,7.81
HYUNDAI,CRETA 1.6,RURAL 5 PUERTAS,4x2,HYUNDAI G4FG,1591,90.2,MANUAL,NAFTA,444,,15/08/2019,KR19060218,IDIADA,175,9.49,6.31,7.49,7.49
CHERY,TIGOO 8,SUV,4x2,CHERY SQRE4T15B,1498,108,MANUAL,NAFTA,EURO V,874,4/6/2021,87-R101-1299/19-00,TÜV Rheinland,177,9.5,6.3,7.5,7.5
CHEVROLET,PRISMA 1.4 - ONIX PLUS JOY 1.4,SEDÁN 4 PUERTSA CON BAÚL TRASERO NB,4x2,CHEVROLET A14XE / LKK Fam I  (1.4 SOHC),1389,72.1,MANUAL,NAFTA,EURO V,,17/05/2019,CPLE-079/2016 Rev.2,GENERAL MOTORS DO BRASIL LTDA.,164.32,9.53,5.48,6.99,6.99
RENAULT,CAPTUR 1.6 16v,SEDÁN 5 PUERTAS,4x2,RENAULT H4M D4,1598,84,MANUAL,NAFTA,EURO V,,,R2-0229/17,DELPHI,173.19,9.55,6.18,7.43,7.43
KIA,SORENTO,RURAL,4x2, 4x4,1200,2199,AUTOMATICA,GAS OIL,EURO V,,,5/5/2015,KR17050194,200,9.56,6.22,7.45,
KIA,SOUL,SEDÁN 5 PUERTAS,4x2,HYUNDAI O KIA G4FG-5 o G4FG,1591,90.2,MANUAL,NAFTA,EURO V,,16/05/2019,83-V039-58495-45,TÜV Rheinland,172.17,9.6,6.9,7.52,7.52
FORD,RANGER,PICK UP,4x4,FORD 2.2L GAS OIL (QJ2S),2198,118,AUTOMATICA,GAS OIL,EURO V,554,23/05/2021,101R-013376,VCA,209,9.6,7,8,8
LAND ROVER,DISCOVERY SPORT,RURAL 4/5 PUERTAS,4x4,JAGUAR PT204,1997,177,MANUAL,NAFTA,EURO VI,,28/03/2018,E5S377071,VCA,182,9.6,7.1,8.0,8.0
HAVAL,H6,RURAL,4x2,HAVAL GW4B15,1499,,MANUAL,NAFTA,EURO V,,15/04/2019,LC 1157 044 17,LUXCONTROL S.A.,178,9.6,6.7,7.7,7.7
CHERY,TIGGO 2,HATCHBACK,4x2,CHERY SQRD4G15,1497,80,MANUAL,NAFTA,EURO V,838,1/3/2021,CN20070709,IDIADA,177,9.6,6.1,7.4,7.4
HAVAL,H6,RURAL,4x2,GREAT WALL GW4N20,1998,150,AUTOMATICA,NAFTA,EURO V,848,29/03/2021,CN20100352,IDIADA,176,9.6,6.5,7.6,7.6
ZANELLA,Z TRUCK,CAMIONETA DE CARGA,4x2,FOTON 4W12M1,1206,,MANUAL,NAFTA,EURO V,,31/08/2018,LC 1139 002 18,LUXCONTROL S.A.,176,9.6,6.5,7.6,7.6
ZANELLA,ZTRUCK DUO,CAMIONETA DE CARGA,4x2,FOTON 4W12M1,1206,,MANUAL,NAFTA,EURO V,,31/08/2018,LC 1139 002 18,LUXCONTROL S.A.,176,9.6,6.5,7.6,7.6
FOTON,GRATOUR T3,DE CARGA CABINA SIMPLE,4x2,FOTON 4W12M1,1206,,AUTOMATICA,NAFTA,EURO V,,22/10/2018,LC 1139 002 18,LUXCONTROL S.A.,176,9.6,6.5,7.6,7.6
FOTON,GRATOUR T3,DE CARGA CABINA DOBLE,4x2,FOTON 4W12M1,1206,,AUTOMATICA,NAFTA,EURO V,,22/10/2018,LC 1139 002 18,LUXCONTROL S.A.,176,9.6,6.5,7.6,7.6
AUDI,A7 - A7 SPORTBACK,SEDÁN 4 PUERTAS CON PORTÓN TRASERO,4X4,AUDI DLZA,2995,,MANUAL,NAFTA,EURO VI b,,15/08/2018,AUA5475B,ATE-EL LUXEMBOURG,168,9.6,6.1,7.4,7.4
AUDI,A6,SEDÁN 4 PUERTAS,4X4,AUDI DLZA,2995,,MANUAL,NAFTA,EURO VI b,,15/08/2018,AUA5475B,ATE-EL LUXEMBOURG,167,9.6,6.0,7.4,7.4
HYUNDAI,VELOSTER,COUPÉ 4 PUERTAS,4x2,HYUNDAI G4NH,1999,,MANUAL,NAFTA,EURO V,,12/4/2018,83-V039-52789-61,TÜV Rheinland,166,9.6,5.6,7.1,7.1
CHEVROLET,TRACKER 1.2T TRANSMISIÓN AUTOMATICA,SUV 4 PUERTAS CON PORTÓN TRASERO,4x2,CHEVROLET 1.2L T PFI (L4H),1199,97,AUTOMATICA,NAFTA,EURO V,574,10/1/2020,61GMY0064A,ATE EL,165,9.6,5.7,7.1,7.1
CHEVROLET,TRACKER 1.2T TRANSMISIÓN AUTOMATICA,SUV 4 PUERTAS CON PORTÓN TRASERO,4x2,CHEVROLET 1.2L T PFI (L4H),1199,97,AUTOMATICA,NAFTA,EURO V,574,20/04/2021,61GMY0064A,ATE EL,165,9.6,5.7,7.1,7.1
VOLKSWAGEN,VENTO,SEDÁN 4 PUERTAS,4x2,VOLKSWAGEN CXDB,1984,,AUTOMATICA,NAFTA,EURO V,,20/02/2019,CAE-18-1278C,CENTRO DE ANÁLISIS DE EMISIONES DE VW DE MÉXICO,166.14,9.60,5.78,7.16,7.16
VOLVO,XC90,RURAL 4/5 PUERTAS,4x4,VOLVO B420T / SEG EEA-BA,1969,220,AUTOMATICA,ELECTRICIDAD,EURO VI d,863,11/5/2021,TR*715/2007*2018/1832*0232*02,AVL MTC AB,218.1,9.61,6.55,7.66,7.66
FIAT,CRONOS PRESICION 1.8 MT,BERLINA,4x2,FIAT 55273256,1747,,MANUAL,NAFTA,EURO V,,10/10/2017,10461,FIAT AUTOMOVEIS S.A.,166.26,9.63,5.65,7.13,7.13
FIAT,TORO VOLCANO 1.3 AT6,PICK UP,4x2,FIAT 46348733,1332,129,AUTOMATICA,NAFTA,EURO V,856,6/4/2021,6210361,FCA FIAT CHRYSLER AUTOMOVEIS BRASIL,184.15,9.64,6.59,7.72,7.72
ISUZU,D-MAX,PICK UP,4x4,ISUZU 4JJ1E5S-LA o 4JJ1,2999,,AUTOMATICA,GAS OIL,EURO V,,2/1/2019,82-Rep101-99152TFMT/18,TÜV Rheinland,217.01,9.67,7.43,8.25,8.25
FIAT,TORO ENDURANCE 2.0 AT9,PICK UP,4x4,FCA 55261674,1956,125,AUTOMATICA,GAS OIL,EURO V,828,23/02/2021,6201694,FCA FIAT CHRYSLER AUTOMOVEIS BRASIL,202.58,9.68,6.54,7.7,7.7
PEUGEOT,2008,BERLINA 5 PUERTAS,4x2,PEUGEOT EP6FDTM (5GY),1598,120,MANUAL,NAFTA,EURO V,,26/04/2019,B1_190301_000,CONTINENTAL,179.1,9.7,6.55,7.7,7.7
RENAULT,DUSTER OROCH 1.6 16v,CAMIONETA 4 PUERTAS,4x2,RENAULT H4M J 759,1598,84,MANUAL,NAFTA,EURO V,528,19/11/2019,C1_190710_002,LABORATORIO DE EMISIONES VEHICULARES RENAULT DO BRASIL,178.1,9.7,6.5,7.7,7.7
MERCEDES-BENZ,E 300,SEDÁN 4 PUERTAS,4x2,MERCEDES-BENZ 264.920,1991,190,MANUAL,NAFTA,EURO VI,,20/05/2019,42.04.1442.00,TÜV NORD Mobilität,152.6,9.7,5.8,7.3,7.3
GREAT WALL,POER,PICK UP,4x2, 4x4,4000,1996,AUTOMATICA,GAS OIL,EURO V,,818,10/2/2021,88-R101-239/20-00,227,9.7,7.4,8.6,
FORD,RANGER,PICK UP,4x2,FORD 2.2L GAS OIL (QJ2S),2198,118,AUTOMATICA,GAS OIL,EURO V,554,23/05/2021,101R-013376,VCA,203,9.7,6.7,7.8,7.8
NISSAN,FRONTIER o NP300 FRONTIER,PICK UP,4x4,RENAULT YS23 260 o YS23,2298,,MANUAL,GAS OIL,EURO V,,31/08/2018,PC18040173,IDIADA,201,9.7,6.5,7.6,7.6
RENAULT,ALASKAN 2.3 190 HP 4x4 AT,CAMIONETA 4 PUERTAS,4x4,RENAULT YS23 260,2298,,MANUAL,GAS OIL,EURO V,,17/08/2018,PC18040246,IDIADA,201,9.7,6.5,7.6,7.6
AUDI,Q5,CROSSOVER,4x4,AUDI DGKB / VALEO IST60S,1984,183,AUTOMATICA,ELECTRICIDAD,EURO VI,883,18/06/2021,AUA6194B,ATE-EL LUXEMBOURG,183,9.7,7,8,8
AUDI,Q5 SPORTBACK,HATCHBACK 4 PUERTAS CON PORTÓN TRASERO,4x4,AUDI DGKB / VALEO IST60S,1984,183,AUTOMATICA,ELECTRICIDAD,EURO VI,883,18/06/2021,AUA6194B,ATE-EL LUXEMBOURG,182,9.7,7,8,8
MERCEDES-BENZ,GLA 250 4MATIC,FAMILIAR,4x4,MERCEDES-BENZ 260.920,1991,165,AUTOMATICA,NAFTA,EURO VI,649,26/03/2020,42.04.1458.02,TÜV NORD,170,9.7,6.3,7.5,7.5
HYUNDAI,VELOSTER,COUPÉ 4 PUERTAS,4x2,HYUNDAI G4NH,1999,,MANUAL,NAFTA,EURO V,,12/4/2018,83-V039-52789-62,TÜV Rheinland,168,9.7,5.7,7.2,7.2
KIA,CERATO. CERATO FORTE,SEDÁN 4 PUERTAS,4x2,HYUNDAI o KIA G4FHG-5 o G4FG,1591,93.8,MANUAL,NAFTA,EURO V,,21/05/2019,KR18060092,IDIADA,166,9.7,5.8,7.2,7.2
VOLKSWAGEN,VOYAGE,SEDÁN 4 PUERTAS,4x2,VOLKSWAGEN CWSA,1598,81,MANUAL,NAFTA,EURO V,,9/8/2019,BR19020011,IDIADA,163,9.7,5.5,7,7
VOLKSWAGEN,GOL,HATCHBACK 4 PUERTAS CON PORTÓN TRASERO,4x2,VOLKSWAGEN CWSA,1598,81,MANUAL,NAFTA,EURO V,,10/5/2019,BR19020007,IDIADA,163,9.7,5.5,7,7
CHEVROLET,ONIX 1.4 - ONIX JOY 1.4,SEDÁN 4 PUERTAS CON PORTÓN TRASERO HB,4x2,CHEVROLET A14XE / LKK Fam I  (1.4 SOHC),1389,72.1,MANUAL,NAFTA,EURO V,,17/05/2019,CPLE-098/2019 Rev.1,GENERAL MOTORS DO BRASIL LTDA.,166.12,9.70,5.65,7.14,7.14
JEEP,COMMANDER LIM TD380. COMMANDER OVR TD380,SUV,4x4,FCA 46349508,1956,125,AUTOMATICA,GAS OIL,EURO V,868,20/05/2021,6210620,FCA CHRYSLER AUTOMOVEIS BRASIL,196.5,9.72,6.14,7.47,7.47
CHEVROLET,ONIX 1.4 - ONIX JOY 1.4 / PRISMA 1.4 - ONIX PLUS JOY 1.4,SEDÁN 4 PUERTAS CON PORTÓN TRASERO HB / SEDÁN 4 PUERTSA CON BAÚL TRASERO NB,4x2,CHEVROLET A14XE / LKK Fam I  (1.4 SOHC),1389,72.1,MANUAL,NAFTA,EURO V,,14/05/2019,CPLE0078/16 Rev2,GENERAL MOTORS DO BRASIL LTDA.,166.56,9.78,5.64,7.15,7.15
ISUZU,D-MAX,PICK UP,4x4,ISUZU 4JJ3E5S-LA o 4JJ3,2999,140,MANUAL,GAS OIL,EURO V,845,23/03/2021,82-R101-17437CM/19,TÜV Rheinland,205.98,9.8,6.66,7.83,7.83
GREAT WALL,WINGLE 7 o STEED 7,PICK UP,4x2, 4x4,5000,1996,MANUAL,GAS OIL,EURO V,,377,23/05/2019,CSU446678,214,9.8,7.2,8.2,
CHERY,TIGOO 8,SUV,4x2,CHERY SQRE4T15B,1498,108,AUTOMATICA,NAFTA,EURO V,873,4/6/2021,87-R101-1298/19-00,TÜV Rheinland,181,9.8,6.4,7.6,7.6
AUDI,A6 -A6 ALLROAD,STATION WAGON,4x4,AUDI DLZA / CONTINENTAL BSG-HP1-65,2995,250,AUTOMATICA,ELECTRICIDAD,EURO V,623,3/3/2020,AUA5969A,ATE - EL,176,9.8,6.5,7.7,7.7
MERCEDES-BENZ,GLB 250 4MATIC,FAMILIAR,4x4,MERCEDES-BENZ 260.920,1991,165,AUTOMATICA,NAFTA,EURO VI,530,20/11/2019,42.04.1458.01,TÜV NORD,175,9.8,6.6,7.8,7.8
VOLKSWAGEN,T-CROSS,SUV 4 PUERTAS CON PORTÓN TRASERO,4x2,VOLKSWAGEN DHS,999,85,AUTOMATICA,NAFTA,EURO VI,806,25/01/2021,BR20090009,IDIADA,169,9.8,5.9,7.3,7.3
VOLKSWAGEN,VIRTUS,SEDÁN 4 PUERTAS,4x2,VOLKSWAGEN CWS,1598,81,AUTOMATICA,NAFTA,EURO V,836,24/02/2021,BR19100034,IDIADA,167,9.8,5.6,7.2,7.2
MERCEDES-BENZ,C 200,SEDÁN 4 PUERTAS,4x2,MERCEDES-BENZ 264.920,1991,,MANUAL,NAFTA,EURO VI b,,17/04/2019,42.04.1442.00,TÜV NORD Mobilität,163,9.8,5.6,7.2,7.2
MERCEDES-BENZ,C 300,SEDÁN 4 PUERTAS,4x2,MERCEDES-BENZ 264.920,1991,,MANUAL,NAFTA,EURO VI b,,23/04/2019,42.04.1442.00,TÜV NORD Mobilität,163,9.8,5.6,7.2,7.2
CHEVROLET,EQUINOX,SUV 5 PUERTAS,4x2,CHEVROLET LYX (1.5L),1490,,MANUAL,NAFTA,EURO V,,4/5/2018,LCA 53 0012 079 17,LUXCONTROL S.A.,177.3,9.87,6.39,7.67,7.67
HONDA,CIVIC,SEDÁN 4 PUERTAS,4x2,HONDA R20Z5,1997,,MANUAL,NAFTA,EURO V,,18/08/2016,T02 BSR345745 02 01,VCA,120,9.9,5.5,7.0,7.0
BAIC,D20,SEDÁN 4/5 PUERTAS,4x2,BAIC A131,1322,,MANUAL,NAFTA,EURO V,,8/10/2018,CSQ315897,VCA,237.48,9.9,6.06,7.5,7.5
LAND ROVER,DEFENDER,STATION WAGON 3 y 5 PUERTAS,4x4,LAND ROVER DT306,2997,183 / 221,AUTOMATICA,GAS OIL,EURO V,880,4/6/2021,GB20030072,IDIADA,209,9.9,6.8,8,8
ZOTYE,T600C,SEDÁN 4 PUERTAS Y PORTÓN TRASERO,4x2,RUIZHAN TNN4G15TA,1502,105,MANUAL,NAFTA,EURO V,,8/5/2019,CN17100422,IDIADA,186,9.9,6.6,7.8,7.8
CHERY,TIGGO 5 1.5 MT,HATCHBACK,4x2,CHERY SQRE4T15,1498,,MANUAL,NAFTA,EURO V,,19/10/2016,CSS364588,VCA,186,9.9,6.7,7.9,7.9
CITROËN,C4 CACTUS,SEDÁN 5 PUERTAS (FAMILIAR),4x2,CITROËN EP6FDTM (5GY),1598,,MANUAL,NAFTA,EURO V,,5/7/2018,BR17110001,IDIADA,177,9.9,6.3,7.6,7.6
VOLKSWAGEN,POLO,HATCHBACK 4 PUERTAS CON PORTÓN TRASERO,4x2,VOLKSWAGEN CWS,1598,81,AUTOMATICA,NAFTA,EURO V,835,24/02/2021,BR19100032,IDIADA,175,9.9,6.2,7.5,7.5
HAVAL,H2,RURAL,4x2,GREAT WALL GW4G15K,1497,105,MANUAL,NAFTA,EURO V,819,10/2/2021,88-R101-498/20-00,TÜV Rheinland ,172,9.9,6.1,7.5,7.5
DS,DS 7 CROSSBACK,RURAL 5 PUERTAS,4x2,PSA EP6FDTM (5GY),1598,,MANUAL,NAFTA,EURO V,,6/7/2018,17/09279,UTAC,169,9.9,6,7.4,7.4
VOLKSWAGEN,TAOS,SUV 4 PUERTAS CON PORTÓN TRASERO,4x2,VOLKSWAGEN DSJ,1395,110,AUTOMATICA,NAFTA,EURO VI,804,25/01/2021,BR20110016,IDIADA,169,9.9,6,7.5,7.5
NISSAN,SENTRA,SEDÁN 4 PUERTAS,4x2,NISSAN MRA8,1798,,MANUAL,NAFTA,307,,25/04/2019,LC 0061 B35 18,LUXCONTROL S.A.,168,9.9,5.6,7.2,7.2
FIAT,TORO VOLCANO. TORO RANCH,CAMIONETA,4x4,FIAT 55261674,1956,,MANUAL,GAS OIL,EURO V,,4/9/2018,5180821,FCA FIAT CHRYSLER AUTOMOVEIS BRASIL,215.39,9.90,7.19,8.19,8.19
FIAT,TORO FREEDOM,CAMIONETA,4x4,FIAT 55261674,1956,,MANUAL,GAS OIL,EURO V,,4/9/2018,5180821,FCA FIAT CHRYSLER AUTOMOVEIS BRASIL,215.39,9.90,7.19,8.19,8.19
PEUGEOT,2008,BERLINA 5 PUERTAS,4x2,PEUGEOT EC5 (NFP),1587,83,MANUAL,NAFTA,EURO V,,28/05/2018,1-0161/17,DELPHI,176.54,9.96,6.18,7.57,7.57
JEEP,RENEGADE: TRAILHAWK 2.0 JTD. LONGITUDE 2.0 JTD. NIGHT EAGLE 2.0 JTD,BERLINA,4x4,FIAT 55261674,1956,125,MANUAL,GAS OIL,EURO V,,17/05/2019,6190223,FA Powertrain Ltda,206.61,9.99,6.62,7.86,7.86
