IM;Titulo;Torre;INC o SR;Modulo;Dimension;tipo incidente;Tipo solucion;Proceso;Sub-Proceso;Transaccion / Job / Pgma;Breve Desc. Del Error / Mejora;Solucion o Mejora aplicada;Recursos;Tipo solucion;
IM64259393;Mejora del programa ZVWA_FI_CONTA_VISA_MANT;FICO;SR;FI;Desarrollos RICEF;Baja performance;Recodificar/ajustar desarrollo/corrida Job, Reporte, archiving, revisar la selección de datos en los programas;Contabilizar archivos Visa;;ZVWA_FI_CONTA_VISA_MAN;Mejora de performance del programa;Ponen fecha de parámetros para que busque archivos creados en ese rango de fechas y no en todos los existentes;;;
IM64709528;SAP FI (P-59) - ERROR AL CONTABILIZAR FACTURA en 0481 por DIF;FICO;INC;FI;Configuración;No acorde a necesidad del negocio;Ajustar configuracion;Contabilizar facturas proveedores;;MIRO;Para la contabilización de las facturas a través de la MIRO, pero usando BPM, se genera diferencia de centavos en los calculos;Se crea una sustitución para el campo texto de la cuenta contable 582900;;;
IM66677738;SAP FI (P-59) - Facturas en estado preliminar;FICO;SR;FI;Proceso;No acorde a necesidad del negocio;Ajustar el proceso y el conocimiento de los proceso por parte de los key users;Recuperar Lote de Garantias;;;Se solicita modificar fecha a documentos preliminares que quedaron sin contabilizar;No se puede modificar fecha a documentos preliminares porque en el nuevo ejercicio ya existen documentos contabilizados con esos números. Lo que se propone es crear la interface con los documentos con fecha actual, ejecutar proceso de batch input y contabilizar los documentos preliminares;;;
IM66768543;SAP FI (P-59) - ERROR DE SAP;FICO;INC;FI;Desarrollos RICEF;No acorde a necesidad del negocio;Recodificar/ajustar desarrollo/corrida Job, Reporte, archiving, revisar la selección de datos en los programas;Solicitud de Compras con varias Notas de Pedido;;Zvwar_proy_activos;en el regikasse no se ven las notas de pedido (si hay mas de una) que dependen de una solicitud de compras.;Se modifica el reporte de Regikasse;;;
IM66793210;SAP FI - caso Sr AMEIGEIRAS, EMANUEL 80722259;FICO;SR;FI;Proceso;No acorde a necesidad del negocio;Ajustar el proceso y el conocimiento de los proceso por parte de los key users;Rendicion de Gastos empleado AMEIGEIRAS;;;Error al procesar reporte de Concur;Estaba mal cargado el empleado en CONCUR, estaba como empleado de calidad, en lugar de productivo.;;;
IM66950893;SAP FI (P-59) -  Bloqueo B y D;FICO;SR;FI;Proceso;No acorde a necesidad del negocio;Ajustar el proceso y el conocimiento de los proceso por parte de los key users;Bloqueo de facturas;;FBL5N;Identificar documentos cuyos tipos de bloqueos cambiaron ;Se les generó la variante IM6695089 en la FBL5N para que analicen los cambios en los bloqueos de cada documento;;;
IM66956690;SAP FI (P-59) - INGRESOS BRUTOS CORDOBA - TAREA A REALIZAR PARA EL QUE ESTE DISPONIBLE EL PRIMER  DIA CALENDARIO  2019;FICO;SR;FI;Configuración;No acorde a necesidad del negocio;Ajustar configuracion;Rango numeración Certificados de Ret.Córdoba;Numeración de certificados;OBWZ;Crear el rango de numeración  de certificados de Ret.IIBB Córdoba para el ej. 2019;Se actualizo el rango de números para el certificado de retención Córdoba para el año 2019 iniciando en 1.;;;
IM66965724;SAP FI (P-59) - NUEVOS RANGOS DE 7227 PARA EL AÑO 2018;FICO;SR;MM;Configuración;No acorde a necesidad del negocio;Ajustar configuracion;Rango de numeración de materiales;;;Crear rango de numeración de materiales no productivos Pacheco/Córdoba para año 2019;Lo resolvió el usuario;;;
IM58221755;SAP FI Interfaz de Pagos Banco Santander Río;FICO;SR;FI;Desarrollos RICEF;Baja performance;Recodificar/ajustar desarrollo/corrida Job, Reporte, archiving, revisar la selección de datos en los programas;Pago a Proveedores locales en tesorería y rendiciones gastos Banco Santander Rio;;;Desarrollar una interfaz con el Banco Santander Río para el pago a Proveedores y Rendiciones de Gastos de Empleados ;Se creó la interface solicitada;;;
IM64971793;SAP FI (P-59)  - CAMBIOS DE CLAVE;FICO;SR;FI;Configuración;No acorde a necesidad del negocio;Ajustar configuracion;Cambio de clave de amortizacion de activos fijos;;AFAMA;"Adoptar una clave de amortización lineal para las áreas de valoración 01 – 02 y 80; de los AF detallados y cambiar la fecha de inicio de Amortizacion a 1ro.Sept 2018";Se modificó la clave de amortizacion de los activos indicados por el usuario;;;
IM66185637;SAP FI (P-59) - Creacion nueva division (0003;FICO;SR;FI;Configuración;No acorde a necesidad del negocio;Ajustar configuracion;Contabilización por división para reportar en forma separada;;Estructura de la empresa->Gestión financiera->Definir división;Crear la división 0003 dentro de la Soc 0080 ;Se creó la division 0003 en la sociedad 0080;;;
IM66672425;SAP FI (P-59) - Creacion de ORDEN para Div 0003;FICO;SR;FI;Configuración;No acorde a necesidad del negocio;Ajustar configuracion;Contabilización por división para reportar en forma separada;;KOT2_OPA ;Crear orden para que contabilice en división 0003 ;Se crea clase de orden AABL y se asigna rango de numeración;;;
IM66826034;SAP FI (P-59) - PROPUESTA PROL 1 17/12 - NO SUBE EL ARCHIVO AL BANCO;FICO;INC;FI;Proceso;No acorde a necesidad del negocio;Ajustar el proceso y el conocimiento de los proceso por parte de los key users;Pagos Citidirect;;F110;Consultan sobre propuestas de pago que no pueden ser visualizadas en Citidirect;Se modificó la fecha valor de los archivos para que coincidieran con la fecha de ejecución;;;
IM66988665;SAP FI (P-59) - REINTEGRO DE VIAJES;FICO;INC;FI;Desarrollos RICEF;No acorde a necesidad del negocio;Recodificar/ajustar desarrollo;Pago reintegros a empleados;;Interfaz pagos Banco Santander Rio;No se puede procesar propuesta de pagos;Se corrigio el programa que genera archivos al Bco.Santander para el pago de gastos de empleados para que tome el ejercicio correcto y pudieran ser tomados por  el aplicativo del Citi.;;;
IM67003277;BAJADA DE CHEQUES;FICO;SR;FI;Configuración;No acorde a necesidad del negocio;Ajustar configuracion;Paylink Citi - Crear referencia documento pago con cheque;;RFCHKU00/FCHU;No se actualiza el Nro de Cheque en el campo de asignación del doc.de pago;Se actualizó el job para que se siga ejecutando en el 2019;;;
IM67055907;SOLICITUDES  - Misceláneos error;FICO;INC;MM;Proceso;No acorde a necesidad del negocio;Ajustar el proceso y el conocimiento de los proceso por parte de los key users;Posteo documento;;;No se puede postear un documento;Se le indicó al usuario que el error se debía a que las ordenes de CO no estában cargadas. El usuario corrigió y los datos y se pudo postear el documento.;;;
IM67121544;SAP FI (P-59) - TRASLADO PROFIS TAREK;FICO;SR;FI;Proceso;No acorde a necesidad del negocio;Ajustar el proceso y el conocimiento de los proceso por parte de los key users;Traslado de presupuesto;;CJCO/CJCF;Más presupuesto que real comparado con años anteriores;Se asesoró al usuario en el cierre de ejercicio de PS y PROFIS, se ejecutaron las transacciones CJCO y CJCF on line y en fondo;;;
IM67122018;CTA CORRIENTE (P-59) - PROBLEMAS CON CUENTAS CORRIENTE;FICO;SR;FI;Proceso;No acorde a necesidad del negocio;Ajustar el proceso y el conocimiento de los proceso por parte de los key users;Cuentas gestión;;;Se visualizan partidas abiertas vacías y no pueden pagar;Desde SAP no se hizo nada. en la aplicacion de cuenta gestion http://dda.ar.sa.vwg/ , se vieron los datos del cliente y se verifico que tenga el tilde en aplicar. y a partir de ahi funciono.;;;
IM67123462;RFC Job de compensación automática 14401006;FICO;INC;FI;Configuración;No acorde a necesidad del negocio;Ajustar configuracion;Job Compensación automática cuenta 14401006;;F.13;No se compensan partidas a pesar de tener el mismo importe y coincidencia en el campo asignacion;Se modifico la fecha del ejercicio del parametro para que tome 2018 y 2019.;;;
IM67125278;EXTRANET PROVEED (P-59)  - PEDIDO DDP;FICO;INC;FI;Sistemas Legados;Desincronizacion operativa entre SAP/legado;Optimizar procedimiento/operación;Extranet Proveedores;;;Proveedor no puede ver en la web de proveedores los pedidos DDP cargados en SAP;Faltaba el dato ADRC-SORT2 el cual es requerido por extranet para determinar el proveedor asociado. Se cargo el dato en la XK02 directamente en SAP OSP. Fue cerrado con el TKT 67080847;;;
IM67127115;SERIEP (P-59)  - BAJADA DE CHEQUES URGENTE;FICO;SR;FI;Duplicado;;;;;;;IM67003277;;;
IM67132668;SAP FI (P-59)  -  Bajada;FICO;SR;Auditoria;Información;Solicitud de información;Capacitar/ajustar reportes, crear reportes adicionales, ajustar configuración, implementar nueva funcionalidad SAP;Usuarios de emergencia;;SM20;Justificar aperturas con usuario de emergencia;Se envió mail con la información solicitada;;;
IM67132672;SAP FI (P-59)  -  CONSULTA SAP PROFIS;FICO;SR;PS;Proceso;No acorde a necesidad del negocio;Ajustar el proceso y el conocimiento de los proceso por parte de los key users;Perfil de inversion PEP e item del proyecto;;;Cambiar Activo Fijo en curso a un  PEP de maquinas y se cargó mal;Se asesoró a la usuaria en el cambio de perfil de inversión y creación del activo fijo en curso;;;
IM67174575;SAP FI (P-59) - CONSULTA SAP | INVESTEMENT;FICO;SR;;Sin detalle;;;Sin detalle del problema;;;;;;;
IM67182936;SAP FI (P-59) - ERROR AL APLICAR PAGOS;FICO;INC;FI;Datos maestros ;Vistas de datos no alimentadas;Creacion de vistas de datos adicionales;Extranet Cuentas Corrientes;;;No actualiza la lista de partidas abiertas para poder aplicar pagos;Se le agrego el codigo de Acreedor en los datos Generales en la solapa datos de control, que estaba vacio, se coloca el mismo codigo de cliente.;;;
IM67189836;SAP FI (P-59) - Creación de Grupo de Imputación para Ctas 22005003 y 18002002;FICO;SR;SD;Configuración;No acorde a necesidad del negocio;Ajustar configuracion;Crear grupos de imputacion;;Comercial -> Funciones básicas-> Imputación/Cálculo -> Determinación de cuentas de ingresos -> Verificar datos maestros relevantes para la imputación -> Materiales: Grupos imputación;Creacion grupos de imputacion de cuentas;Se crearon los grupos de imputación para las cuentas 22005003 y 18002002;;;
IM67193408;SAP FI (P-59)  -  ERROR CALL OFF CONTRATO 7600012535;FICO;INC;FI;Proceso;No acorde a necesidad del negocio;Ajustar el proceso y el conocimiento de los proceso por parte de los key users;Call off;;;Destrabar call off ya que el contrato tiene saldo y tolerancia;Se le informa al usuario que en el Backend no están registrados los contratos con lo cual no es posible que se haga la verificación que reportan como error. Deben verificar a nivel de Frontend el problema,;;;
IM67193416;SAP FI (P-59)  -  PROPUESTAS 14/01/2018 URGENTE--INCIDENTE;FICO;INC;FI;Proceso;No acorde a necesidad del negocio;Ajustar el proceso y el conocimiento de los proceso por parte de los key users;Pago a proveedores;;;Existen propuestas de pago que no pueden ser visualizadas;Se renombran los archivos con fecha 17/01/2018;;;
IM67287219;SAP SD (P-59) - Creación de Grupo de Imputación para Ctas 22005003 y 18002002;FICO;SR;SD;Duplicado;;;Repetido se trabaja en el 9836;;;;;;;
IM67325598;SAP FI (P-59) - Cambios relacionados con Regress - SAP;FICO;SR;FI;Desarrollos RICEF;No acorde a necesidad del negocio;Recodificar/ajustar desarrollo;Modificar el programa de generación de txt para enviar a signature– SAP;;;Tener la posibilidad de emitir un documento B o E en función a cada operación específica y no en base al maestro de clientes;;;;
IM67341476;SAP FI (P-59) - ERROR SAP FI;FICO;SR;FI;Configuración;No acorde a necesidad del negocio;Ajustar configuracion;Error validación;;;"Error de sintaxis en condición previa validación ""AR""";Se corrigió el inconveniente;;;
IM67373838;FACTURACIÓN ELEC (P-59) - Rechazo en signature;FICO;SR;SD;Sistemas Legados;Desincronizacion operativa entre SAP/legado;Optimizar procedimiento/integracion;Facturación electrónica;;;Rechazo en signature por importe de Iva muy pequeño;Se pidio a Signature modificar un file y también se pasó a productive una determinación de cuentas para el grupo de imputación ZX que estaba faltando para poder contabilizar;;;
IM67420828;SAP SI MM (P-59)  -  N° DUNS - Luxcam;FICO;SR;MM;Proceso;No acorde a necesidad del negocio;Ajustar el proceso y el conocimiento de los proceso por parte de los key users;Consulta alta como proveedor con nro. DUNS;;;Consulta como obtener nro. DUNS en Dun & Bradstreet;El usuario debia registrar el Vendor en la O. de Compra ZAMT. para que pueda ser usado por K-SRM;;;
IM55067901;INTALACION DE TRANSPORTE DE LA APLICACIÓN  KQV Y  USUARIO DE SERVICIO;FICO;SR;FI;;;;Implementación Qlikview en P04.;;;Instalación de transportes de la aplicación QV – La instalación y configuración debe realizarse en los tres ambientes SAP. ;;;;
IM61494090;P04 - DOCUMENTO REGAL SIN FEEDBACK DE SAP ARG;FICO;SR;SD;Sistemas Legados;Desincronizacion operativa entre SAP/legado;Optimizar procedimiento/integracion;REGAL;;;Documentos que fueron enviados a SAP ARG vía REGAL y no se recibido un Feedback. Continuan como enviado a SAP ( Status: V);No hemos recibido los archivos para procesar en SAP. Se Cierra el tkt;;;
IM63995993;PH ADMINISTRATIVE GROUP - Incoporación de Leyenda de NC-ND en FICO;FICO;SR;SD;Desarrollos RICEF;No acorde a necesidad del negocio;Recodificar/ajustar desarrollo;PH ADMINISTRATIVE GROUP;;;Incoporación de Leyenda de NC-ND en FICO;Se modificó customizing y el programa ZTIIPSA_SD_INCENTIVOS ;;;
IM65205354;SAP FI (P-59)  - Contabilizacion de documentos por apertura de grupos.pdf;FICO;SR;FI;Proceso;No acorde a necesidad del negocio;Mejorar proceso;Registración contable automática de documentos con muchas posiciones;;;Poder registrar en forma automática un documento con partidas superior a 999 posiciones;Se procede al cierre por solicitud de Jorge Jerez. Se adjunta mail con evidencia;;;
IM65457930;SAP FI (P-59) - DOBLE RETENCION-RETENCIONES SOLICITUD;FICO;SR;FI;Desarrollos RICEF;No acorde a necesidad del negocio;Recodificar/ajustar desarrollo;Retenciones para Proveedores con Facturas sin Nota de Pedido;;;Retención duplicada en Facturas de Proveedores sin Nota de Pedido;Se modifico el programa Z_BPM_BI, para que ponga la Sucursal BRNCH, en los datos propios del usuario debe tener la sociedad como parámetro.;;;
IM65499759;SAP FI - Creación trx's para acceso a tablas costos KSL;FICO;SR;FI;Desarrollos RICEF;Nuevo requerimiento;Crear transacción asignar a roles y perfiles;Creacion transaccion para acceso tabla costos, la transacción se asigna a roles y los roles a los perfiles;;;Creación de tcode, asignacion a perfiles y roles y perfiles;Los cambios se pasaron a produccion;;;Crear transaccion, perfiles y asignacion a rol
IM65900321;SAP FI (P-59) - TRANSFERENCIA DE CREDITO SAP;FICO;SR;FI;Desarrollos RICEF;Nuevo requerimiento;Crear nuevo desarrollo;Nueva funcionalidad en el portal Cuenta Gestión;;Z_FI_TRANSFERCREDIT;Creación de una nueva función Z_FI_TRANSFERCREDIT, se trata de transacciones de KSL;Se desarrollo la nueva solución del circuito transferencia de creditos;;;
IM66233208;SAP FI - Error transacción ZTIIPSAFI015;FICO;SR;FI;Proceso;No acorde a necesidad del negocio;Mejorar proceso;Reporte Límites de crédito;; ZTIIPSAFI015;Solicitan cambio en el funcionamiento de la transacción ZTIIPSAFI015;Se explicó como funciona la transacción. Las mejoras sobre credito se realizaran en el tkt IM65185613 - Pedidos en Proceso;;;
IM66436080;SAP FI (P-59) - PRUEBA DE CALIDAD CONTABILIZACION  PROFIS Div 002;FICO;SR;PS;Proceso;No acorde a necesidad del negocio;Mejorar proceso;PROFIS Div 002 en calidad;;;Cuentas a Pagar contabiliza contra la cuenta y pep del proyecto, luego la contabilización no se registra en el mismo.;Se envio análisis del error;;;
IM66440297;SAP FI (P-59) - NO SE PUEDE EMITIR PAGO POR BANCO FRANCES;FICO;SR;FI;Proceso de atencion;Usuario no responde;Se cierra el ticket por falta de información y tiempo;Pago soc. de ahorro 0481 por medio del Banco Francés;;;No está definida la cuenta para la vía de pago N en pesos para el Banco Francés;Jorge Jerez desestimo el ticket hasta tanto no tengamos el RFC.;;;
IM66706045;SAP FI (P-59) - CAMBIOS EN PADRÓN IIBB BUENOS AIRES;FICO;SR;FI;Configuración;No acorde a necesidad del negocio;Ajustar configuracion;Retenciones-Percepciones Impto.Ing.Brutos Pcia de Bs As;;;ARBA creó nuevos grupos y alícuotas de Retención y Percepción para el Régimen General de Ingresos Brutos;Se crearon las nuevas alícuotas de Retención y Percepción de la Pcia. De Bs.As.;;;
IM66729456;SAP FI (P-59)  - NP 5500068578 | Comprometido | PAR A-000972;FICO;SR;CO;Proceso de atencion;Usuario no responde;Se cierra el ticket por falta de información y tiempo;NP 5500068578 | Comprometido | PAR A-000972;;;El sistema toma como monto comprometido un valor menor al de la Nota de Pedido.;Se asesoró al usuario en su escritorio;;;
IM66921759;EMISION (P-64)  - NP 628563 Tiberina PEP EXCEDIDO;FICO;SR;PS;Configuración;No acorde a necesidad del negocio;Ajustar configuracion;Contabilizar Nota de Pedido;;;Pep excedido;Se analizo con Pablo el caso, se detecto que la NP no esta en sap todavía, se envio el caso a compras para su solucion;;;
IM66985668;SAP FI (P-59) - Cambio Parametrización Clase de Documento KD;FICO;SR;FI;Configuración;No acorde a necesidad del negocio;Ajustar configuracion;Modificar customizacion clase de documento KD;;OBA7;Ajustar configuración clase de documento KD agregándole otras clases  de cuenta a los ya definidos;Se parametrizo la clase de documento KD, para contabilizar los 5 tipos de cuentas, acreedor, deudor, cta de mayor, activo fijo y material.;;;
IM67134014;SAP FI (P-59) -  Ver si existe en P04;FICO;SR;PS;Proceso;No alineado a la funcionalidad std;Ajustar el proceso y el conocimiento de los proceso por parte de los key users;Verificar si existe una NP en P04;;;;Adjuntan pantalla contestando que el PEP existe en P04 pero en KSRM  no trae la descripción;;;
IM67263733;SAP FI (P-59) - DOCS. EN REALES NO SE DESBLOQUEAN PARA PAGAR;FICO;SR;FI;Configuración;No acorde a necesidad del negocio;Ajustar configuracion;Pagos Banco Moned en reales;;S_ALR_87001486;Las partidas desbloqueadas de proveedores no migran a la propuesta de pagos, falta definir el importe de pagos para el Banco Moned en reales en el programa de pagos;Se asignó importe de pago para el banco MONED en moneda Real en el programa de pagos;;;
IM67299811;Aprobacion datos bancarios;FICO;SR;FI;Proceso de atencion;Usuario no responde;Se cierra el ticket por falta de información y tiempo;Aprobación Datos bancarios;;ZVWAFITR007;ZVWAFITR007;Se cierra por falta de respuesta usuarios.;;;
IM67308824;ET2000 NA ARGENTINA (P-59) - CONTABILIZACION ERROR - ET2000 RESUMEN 27535;FICO;SR;FI;Proceso;No alineado a la funcionalidad std;Ajustar el proceso y el conocimiento de los proceso por parte de los key users;Contabilización facturas en FICO;;/VWNA/FICO_AR_MIRO.;Error al contabilizar facturas en FICO;Se resolvió por procedimiento;;;
IM67328342;SAP FI (P-59)  -  SOLICITUD ABM - ARBRO S.A.;FICO;SR;FI;Sistemas Legados;Desincronizacion operativa entre SAP/legado;Optimizar procedimiento/operación;Extranet Proveedores;;;La interfaz que generá el file que se envía a extranet canceló ;Se reproceso el job que genera el file y el mismo se transfirió correctamente a la extranet;;;
IM67328346;SAP FI (P-59)  -  ERROR AL INTENTAR BLOQUEAR PARTIDA EN SAP;FICO;SR;FI;Configuración;No acorde a necesidad del negocio;Ajustar configuracion;Bloqueo manual de facturas proveedores;;;Error de validación al intentar bloquear manualmente una partida, bloqueo A;Regeneración programas de validaciones;;;
IM67343618;SAP FI (P-59)  - IMPOSIBILIDAD DE CONTABILIZAR EN SAP - PAGO A PROVEEDORES;FICO;SR;FI;Proceso de atencion;Usuario no responde;Se cierra el ticket por falta de información y tiempo;Pago a Proveedores;;MIRO y ZKSLP_IB_DIALOG;No pueden contabilizar pago a proveedores;Se cierra por falta de respuesta usuarios.;;;
IM67394911;SAP FI (P-59) - - ERROR EN PEDIDOS DE PROCESO;FICO;SR;FI;Configuración;No acorde a necesidad del negocio;Ajustar configuracion;Error en Pedidos en proceso clientes;;;El cliente 80503092 tiene pedidos en proceso que se encuentran pendientes de liberar, y cuenta con el limite suficiente para facturar la gran mayoria;Se borraron las tablas temporales ZTIIPSA_TA_TEMLI y ZTIIPSA_TA_PEDBL ya que estas impedían la asignación del crédito a los pedidos;;;
IM67396427;SAP FI (P-59) - Modificacion Imputacion archivo de Autoahorro;FICO;SR;FI;Proceso de atencion;Usuario no responde;Se cierra el ticket por falta de información y tiempo;Imputación órdenes Autoahorro;;KCH5N;Crear CEBE 9000 dentro del nodo autoahorro de la jerarquia de Centros de Beneficio;Se cierra por falta de respuesta usuarios.;;;
IM67484165;SAP FI (P-59)  -  ERROR AL QUERER GENERAR NC POR AJUSTE DE PRECIOS (PTO DE VTA 0119);FICO;SR;SD;Configuración;No acorde a necesidad del negocio;Ajustar configuracion;Emisión Notas de Crédito;;;Error al generar Notas de Crédito de la sucursal 0119;Se resolvió el bloqueo de impuestos de la factura.;;;
IM67531833;SAP SD (P-59) - Creación de Grupo de Impuración para Cta Cble 74101011;FICO;SR;SD;Configuración;No acorde a necesidad del negocio;Ajustar configuracion;Crear grupos de imputacion;;Comercial -> Funciones básicas-> Imputación/Cálculo -> Determinación de cuentas de ingresos -> Verificar datos maestros relevantes para la imputación -> Materiales: Grupos imputación;Crear grupo de imputación para la cuenta 74101011;Se creó el grupo de imputación solicitado.;;;
IM67564032;SAP FI (P-59)-Punto de Venta 122;FICO;SR;SD;Proceso;No alineado a la funcionalidad std;Ajustar el proceso y el conocimiento de los proceso por parte de los key users;Emisión Notas de Crédito;;;Están en signature pero no aparecen contabilizadas en SAP;La usuaria solucionó su inconveniente y pudo contabilizar;;;
IM67608724;SAP FI (P-59) -  VW - SAP - Falta de acceso;FICO;SR;SD;Duplicado;;;Duplicado SR anterior;;;;;;;
IM67612562; SAP FI (P-59) - Creación Grupo de Compras PB6 en SAP;FICO;SR;FI;Configuración;No acorde a necesidad del negocio;Ajustar configuracion;Crear Notas de Pedidos herramentales productivos;;Gestión de materiales ->Compras -> Crear grupos de compras;Crear Grupo de Compras PB6;Se crea el grupo de cuentas requerido;;;
IM67615326;SAP FI (P-59)  -  ALTA TRASNACCION  FCHU;FICO;SR;FI;Duplicado;;;Crear referencia de documentos de pagos con cheques;;FCHU;Consulta rol para tx FCHU;IM67603500;;;
IM67664846;SAP FI (P-59)  -  Archivos de Programas de Entrega - Extranet Proveedores;FICO;SR;FI;Sistemas Legados;Desincronizacion operativa entre SAP/legado;Optimizar procedimiento/operación;Extranet Proveedores;;;Los archivos de Programa de Entregas PROVLOC están viniendo vacíos;Se reprocesó el job de Envio;;;
IM67678433;SAP FI - Mejoras Proceso de WAPAS;FICO;SR;FI;Sistemas Legados;Desincronizacion operativa entre SAP/legado;Optimizar procedimiento/operación;Contabilización de los reclamos por garantías de los concesionarios;;ZWAPAS;Solicitan mejoras en el proceso de contabilización de Percepciones de Imptos.;Se implementó la mejora.;;;
IM67681879;SAP FI (P-59) - RQ 44 NO PROCESAR;FICO;SR;FI;Proceso de atencion;Usuario no responde;Se cierra el ticket por falta de información y tiempo;Batin archivos enviados a cuentas a pagar;;;en el batin el GYO 1027-081 está cargado 1167 veces;Se cierra por falta respuesta usuarios;;;
IM67686190;DEBICARD (P-59)  -  FALTA AUTORIZACION PARA EL PERIODO CONTABLE;FICO;SR;FI;Proceso de atencion;Usuario no responde;Se cierra el ticket por falta de información y tiempo;Registración debitos clientes;;;Mensaje error usuario no autorizado a registrar en período contable;Se cierra por falta respuesta usuarios;;;
IM67719877;CUENTAS DE GESTION (P-59) - No se pueden compensar partidas;FICO;INC;FI;Proceso;No alineado a la funcionalidad std;Ajustar el proceso y el conocimiento de los proceso por parte de los key users;Compensar cuentas gestión;;Z_FI_COMPENSA;No pueden compensar partidas;Lo resolvió el usuario.;;;
IM67788604;SAP FI - Contrato 7600009836 Proveedor/DUNS: 80142831/977879928 (Estudio Dr. Juan Miguel Errante);FICO;SR;FI;Sistemas Legados;Desincronizacion operativa entre SAP/legado;Optimizar procedimiento/integracion;Recepción Electrónica facturas proveedores;;;"Facturas de proveedor fueron rechazadas por Recepción Electrónica por ""nota de pedido es inexistente.""";El segundo nivel de KSRM re-envió todas las ordenes de compras y ahora figuran correctamente en SAP.;;;
IM67807607;PH SUPPORT SERVICES - PERMITIR APERTURA DE PERÍODO CONTABLE EN Q05 (CALIDAD FI-CO);FICO;SR;FI;Configuración;No acorde a necesidad del negocio;Ajustar configuracion;Modificar períodos contables;;OB52;No es posible modificar períodos contables en ambiente calidad;Se implementa nota SAP 2269677 para resolverlo;;;
IM67809049;SAP FI (P-59) - AMS SAP FI-CO Support Argentina;FICO;SR;FI;Desarrollos RICEF;Transporte de órdenes;Revisar los entornos y secuencias de transportes;Transporte de OTB04K9A1MU6 a producción (se vincula con IM67788604);;;;IM67788604;;;
IM67813365;Cambio de CAI - SAP FI-CO Support Argentina;FICO;SR;FI;Configuración;No acorde a necesidad del negocio;Ajustar configuracion;Facturación sucursales de venta con CAI;;Componentes multiaplicaciones->Funciones de aplicación generales->Numeración de documentos multiaplicaciones->Argentina->Definir códigos de autorización de impresión;Configurar nuevos CAI para varios puntos de facturación;Se configuran los nuevos CAI;;;
IM67813367;Cambio de CAI - FICO;FICO;SR;FI;Duplicado;;;;;;;IM67813365;;;
IM67813368;Cambio de CAI - SD;FICO;SR;FI;Configuración;No acorde a necesidad del negocio;Ajustar configuracion;Facturación sucursales de venta con CAI;;Componentes multiaplicaciones->Funciones de aplicación generales->Numeración de documentos multiaplicaciones->Argentina->Definir códigos de autorización de impresión;Configurar nuevos CAI para varios puntos de facturación;Se configuran los nuevos CAI;;;
IM67815099;SAP FI (P-59) - SOLICITUD;FICO;SR;FI;Sistemas Legados;Desincronizacion operativa entre SAP/legado;Optimizar procedimiento/operación;Extranet Proveedores;;;Proveedor  ARBRO S.A. – ODEJ – 54490, no visualiza en la Extranet una PO (4600106428) generada en productivo como caso de prueba.;;;;
IM67848468;SAP FI (P-59) - ND 0116E00000175 11/02/19 sin contabilizar;FICO;SR;SE;Sistemas Legados;Desincronizacion operativa entre SAP/legado;Optimizar procedimiento/operación;Emisión Notas de Débito;;;Notas de débito emitidas punto 0116 E no contabilizadas;Se envió el archivo puntual a Signature y modificaron manualmente el campo tipo Expo = 4;;;
IM67853665;SAP FI (P-59) - PARA MODIFICAR PROGRAMA SAP;FICO;SR;FI;Desarrollos RICEF;No acorde a necesidad del negocio;Recodificar/Ajustar desarrollo;Pago de impuestos;;;Habilitar contabilización automática para las solicitudes de pago de impuestos;Modificaron programa que contabiliza los archivos BPM;;;
IM67880134;SAP FI (P-59)-CC 3300;FICO;INC;;Proceso de atencion;Usuario no responde;Se cierra el ticket por falta de información y tiempo;;;;;Se solicita cierre del ticket por pedido de Jerez;;;
IM67920764;EXTRANET PROVEED (P-59) - NO SE MUESTRAN DATOS DE PROVEEDRES DESPUES DE INTERFAZ;FICO;SR;FI;Sistemas Legados;Desincronizacion operativa entre SAP/legado;Optimizar procedimiento/operación;Extranet Proveedores programa de entregas - repuestos;;;No muestra datos para ninguno de los proveedores pese a que podemos verificar que la interfaz se emitió satisfactoriamente.;Se informó a el usuario que no hay problemas de transferencia de Extranet;;;
IM67945619;SAP FI (P-59) - Actualización de Lim Crédito;FICO;INC;FI;Configuración;No acorde a necesidad del negocio;Ajustar configuracion;Límite de crédito;;Ztiipsafi010;Luego de bloquear créditos no actualiza de forma online el Disponible de facturación.;Se efectuó la corrección de la función ZTIIPSA_VALIDAR_LIMITECRED;;;
IM67948297;Altas Compañia Financera;FICO;SR;CO;Configuración;No acorde a necesidad del negocio;Ajustar configuracion;Alta Empleados en Soc 0542;;Controlling->Controlling Gral->Organización->Actualizar versiones;Versión 0 para ejercicio 2019 no definida;Se configuro la versión 0 de Controlling para 2019;;;
IM67954725;SAP FI (P-59) -  Problema carga de pep/SC 1006399051;FICO;INC;PS;Configuración;No acorde a necesidad del negocio;Ajustar configuracion;Carga de elemento PEP;;CJ02  marcar fila del objeto y luego tratar->objeto->reducir para llevarlo a nivel 3;Exceso de presupuesto al intentar cargar un PEP en SAP;Se le indica al usuario como modificar nivel de jerarquía de elemento PEP 628605 para poder asignarle presupuesto;;;
IM67986973;SAP FI (P-59)  -  Transacción FCHU;FICO;SR;FI;Proceso;No alineado a la funcionalidad std;Ajustar el proceso y el conocimiento de los proceso por parte de los key users;Crear referencia de documentos de pagos con cheques;;FCHU;No se puede asignar el nro.de cheque a documentos de pago;Se ejecuto la transacción FCHU para la asignación de numero de cheque al campo asignación de la posición del documento para las cuentas del CITI , ambas ctas.  corriente finalizada en 027 y 035. Todos los números de cheques fueron asignados para el periodo de Febrero hasta fecha 27 Feb 2019;;;
IM68011669;PROBLEMA PUNTO DE VENTA 119 NC;FICO;SR;FI;Configuración;No acorde a necesidad del negocio;Ajustar configuracion;Emisión Notas de Crédito sucursal 0119;;;No está activa en el monitor la sucursal 0119 para enviar NC a la AFIP;Se desbloqueó la sucursal 0119 para NC;;;
IM68056490;SAP FI (P-59) - CORRER JOB DE CONTABILIZACION ARCHIVO DE VISA;FICO;INC;FI;Proceso;No alineado a la funcionalidad std;Ajustar el proceso y el conocimiento de los proceso por parte de los key users;Contabilizacion archivo Visa;;;Se ejecutó el job de Visa sin datos;El Job de VISA que se había ejecutado sin datos a las 13 hs, fue reprocesado con denominación JOBCONCUR_VISA_2802 a las 14:39:15 hs y considero los archivos que se subieron a la ruta P04ORA / COCNCUR/ARCHIVO_A_PROCESAR;;;
IM62651907;SAP FI (P-59) -  Consulta carga masiva a SAP asiento Provisión IIBB;FICO;SR;FI;Desarrollos RICEF;Nuevo requerimiento;Crear nuevo desarrollo;Carga masiva a SAP asiento Provisión IIBB;;;Crear una transacción para la carga masiva a SAP del asiento mensual correspondiente a la Provisión de IIBB.;Se cierra a pedido de Jorge Jerez;;;
IM67589409;SAP FI (P-59) - Problemas Archivos CIti;FICO;SR;FI;Proceso;No alineado a la funcionalidad std;Ajustar el proceso y el conocimiento de los proceso por parte de los key users;Pago a proveedores;;;Propuesta de pago no puede ser visualizada por tesorería;Se cierra por falta de respuesta usuarios;;;
IM67679474;SAP FI - : Notas de Debtos sin publicar - AP013B;FICO;SR;FI;Sistemas Legados;Desincronizacion operativa entre SAP/legado;Optimizar procedimiento;Notas de Debito Proveedor;;;Un proveedor no puede ver el detalle de su Nota de Débito en sus “Detalle de Notas de Debito por devolucion de piezas (AP013B)”.;El caso fue resuelto;;;
IM67771811;SAP FI (P-59)  -  CAPACITACION DE QUERYS PARA AUDITORIA;FICO;SR;FI;Información;Solicitud de información;Capacitar/ajustar reportes, crear reportes adicionales, ajustar configuración, implementar nueva funcionalidad SAP;Capacitación de Qrys para auditoría;;;Capacitación de Qrys para auditoría;Se brindó la capacitación sobre queries el día 13/3/2019. Se adjuntó el feedback del curso;;;
IM68076782;SAP FI - RFC Criterio de Clasificacion 5.pdf;FICO;SR;FI;Datos maestros ;Vistas de datos no alimentadas;Creación de vistas de datos adicionales;Datos maestros Activos Fijos;;Contabilidad de Activos fijos->datos maestros->Campos de usuario->marcar criterio de clasificacion de 4 posiciones;Es necesario en la creación de Activos Fijos a través de la transacción AS01, que se pueda vincular ese Tooling con el producto TAREK (hoy inexistente y de allí la necesidad del ticket);Se agregó un nuevo criterio de clasificación para los datos maestros de los activos fijos. ;;;
IM68164265;SAP FI (P-59) - Diferencias de cambio- Pago a Proveedor vencido;FICO;INC;FI;Configuración;No acorde a necesidad del negocio;Ajustar configuracion;Compensar partidas abiertas;;OB09;Configurar nuevas cuentas contables para registrar diferencias de cambio;Se agregó la cuenta 18200840  en la configuración de las cuentas para difcias. de cambio.Tabla T030H.;;;
IM68166768;SAP FI (P-59)  -  ERROR PARA VALIDACIÓN DE LÍMITE DE CRÉDITO;FICO;SR;FI;Configuración;No acorde a necesidad del negocio;Ajustar configuracion;Validación Límite de Crédito;;;No se pueden facturar por verificación de límite de crédito;Se detecto y corrigió la clase de riesgo que faltaba en 4 clientes;;;
IM68166775;SAP FI (P-59)  -  DETALLE DE LOS DÉBITOS 0101-29863 Y 0101-29996;FICO;SR;FI;Sistemas Legados;Fallas en el aplicativo;Optimizar aplicativo;Pago a proveedores;;;Debitos que no figuran en la web de proveedores;Fue resuelto por el usuario;;;
IM68248725;SAP FI (P-59)-Problemas con las retenciones;FICO;INC;FI;Configuración;No acorde a necesidad del negocio;Ajustar configuracion;Retenciones a Proveedores;;;Facturas que contienen más de una retención Pcial de IIBB;Fue resuelto por el usuario - Hay un proceso que corre todos los dias y actualiza las partidas abiertas;;;
IM68298825;SAP FI (P-59) -PARAMETRIZAR CUENTAS DE DIFERENCIA DE CAMBIO;FICO;SR;FI;Configuración;No acorde a necesidad del negocio;Ajustar configuracion;Compensar partidas abiertas;;OB09;Configurar nuevas cuentas contables para registrar diferencias de cambio;Se agregó la cuenta 18200078  para contabilizar difcias.de cambio. Tabla T030H.;;;
IM68323738;SAP FI (P-59) - No Habilita Créditos a Transferir;FICO;INC;FI;Proceso;No alineado a la funcionalidad std;Ajustar el proceso y el conocimiento de los proceso por parte de los key users;Transferencia de Créditos;;;No Habilita Créditos a Transferir;El cliente está en inhibidos;;;
IM68378777;SAP FI (P-59) - pendientes de contabilización;FICO;SR;FI;Configuración;No acorde a necesidad del negocio;Ajustar configuracion;Contabilizacion de facturas;;;Facturas que no se contabilizan;Cambian el CC para poder contabilizar;;;
IM68479816; SAP FI (P-59) - First evaluation Run failed on March;FICO;SR;FI;Sistemas Legados;Fallas en el aplicativo;Optimizar aplicativo;Atlas interface;;;;Se cierra ticket por duplicado, el mismo se esta tratando en el IM68479816.;;;
IM68483665;SAP FI (P-59) -  First evaluation Run failed on March Crear Ticket URGENTE;FICO;SR;FI;Sistemas Legados;Fallas en el aplicativo;Optimizar aplicativo;Atlas interface;;;;;;;
IM68483669;SAP FI (P-04) - CREACION GRUPO DE IMPUTACION;FICO;SR;SD;Configuración;No acorde a necesidad del negocio;Ajustar configuracion;Crear grupos de imputacion;;Comercial -> Funciones básicas-> Imputación/Cálculo -> Determinación de cuentas de ingresos -> Verificar datos maestros relevantes para la imputación -> Materiales: Grupos imputación;Crear grupo de imputación Gastos de Vehículos;Se creó el grupo de imputación solicitado.;;;
IM68533783;pendientes de contabilización;FICO;INC;SD;Configuración;No acorde a necesidad del negocio;Ajustar configuracion;Contabilizar facturas de ventas suc 0115;;;No se pueden contabilizar facturas de ventas;Se realizó la modificación del campo requerido de los documentos pendientes;;;
IM68548886;SAP FI (P-59) - CAMBIO SUPLEMENTO VIA DE PAGO - Proveedor MC Ingeniería 80154457;FICO;SR;FI;Información;Solicitud de información;Capacitar/ajustar reportes, crear reportes adicionales, ajustar configuración, implementar nueva funcionalidad SAP;Modificacion datos maestros;;XK02;Error en suplemento via de pago. Solicitan bajada de tabla SAP ;Se le envía bajada de tabla solicitada;;;
IM68608008;SAP FI (P-59)  LISTADO SAP FICO;FICO;SR;FI;Información;Solicitud de información;Capacitar/ajustar reportes, crear reportes adicionales, ajustar configuración, implementar nueva funcionalidad SAP;Modificacion datos maestros;;XK02;Error en suplemento via de pago. Solicitan bajada de tabla SAP ;Se le envía bajada de tabla solicitada;;;
IM60545003;SAP FI - Fondos Comunes de Inversión;FICO;SR;FI;Proceso;No alineado a la funcionalidad std;Ajustar el proceso y el conocimiento de los proceso por parte de los key users;Valuación fondos de inversion;;;Diferencias de valuación entre el auxiliar de tesorería y la contabilidad;Las anulaciones se hacían a nivel contable  y no en el auxiliar del módulo de tesorería;;;
IM63573610;SAP FI (P-59) - REPORTE PARA VISUALIZAR PROJECTOS Y ESTATUS;FICO;SR;PS;Desarrollos RICEF;Nuevo requerimiento;Crear nuevo desarrollo;Mantener los estatus de los proyectos en SAP PS y ejecutar reporte para darle seguimiento;;ZVWA_FI_PROY_STATUS;Armar un reporte de status de proyectos previos a la aprobación financiera;Se desarrolló el reporte necesario;;;
IM63924567;PH SUPPORT SERVICES-AMS SAP FI-CO SUPPORT ARGENTINA-AGREGAR UN LOG;FICO;SR;FI;Desarrollos RICEF;Nuevo requerimiento;Crear log de programa;Retenciones IIBB Córdoba;;ZVWAFITRAP056;Solicitan log de actualizacion de proveedores;Se cierra el ticket, se va a reemplazar por otro;;;
IM64898397;SAP FI (P-59) -DIFERENCIA EN CRUCE DE TABLAS ZVWZAT VS GLT0 JUNIO 2018;FICO;SR;FI;Desarrollos RICEF;Nuevo requerimiento;Crear nuevo desarrollo;Cruce tablas  ZVWSAT vs GLT0 ;;;Del cruce de las tablas encontraron difcias en la div 0001;Se cierra por tratarse de inconsistencias, que se actualizaron manualmente;;;
IM65885546;SAP FI (P-59) - tratar el desarrollo BATIN  Adjunto RFC Firmado;FICO;SR;FI;Desarrollos RICEF;Nuevo requerimiento;Crear nuevo desarrollo;Carga de datos partidas BATIN;;ZVWAFI_BATIN_BULK_LOAD;Copiar programa para cuentas a pagar con otra transaccion;ITP proporcionará otra herramienta para esta necesidad;;;
IM66144828;Formulario de Cierre Caja Chica;FICO;SR;FI;Configuración;No acorde a necesidad del negocio;Ajustar configuracion;Cierre Caja Chica;;OBL3;No se puede imputar al CME 4 contra la cuenta del tesoro;Se hizo la configuración solicitada;;;
IM66462601;SAP FI (P-59) - RFS Regikasse_cambios;FICO;SR;PS;Desarrollos RICEF;No acorde a necesidad del negocio;Recodificar/ajustar desarrollo;Regikkasse;;;Implementar las correciones del reporte regikasse cargas masivas;Se hicieron las correcciones solicitadas;;;
IM67041950;CTA CORRIENTE - ERROR EN LA APLICACION DE FC A CREDITOS A CREDITOS EN GESTION CONCESIONARIOS;FICO;INC;FI;Desarrollos RICEF;Inconsistencia de integración con funcionalidad SAP;Recodificar/ajustar desarrollo;Cuentas gestion concesionarios;;;No pueden aplicar dinero contra las facturas;Se cierra el ticket porque no volvieron a generarse inconvenientes;;;
IM67287369;SAP FI (P-59) - RV: APROBACION DATOS BANCARIOS TESORERIA;FICO;SR;FI;Datos maestros ;Vistas de datos no alimentadas;Creación de vistas de datos adicionales;Aprobación datos bancarios;;ZVWAFITR007;Recibir informacion de la aprobacion de datos bancarios de los proveedores;Se cierra el ticket por no ser viable el requerimiento;;;
IM67291410;Se ven generados dos documentos de iguales características en firme y en preliminar;FICO;SR;FI;Proceso;No alineado a la funcionalidad std;Ajustar el proceso y el conocimiento de los proceso por parte de los key users;Cuenta corriente proveedor;;FBL1N;Documento duplicado;Se cierra porque el tema fue resuelto con anterioridad;;;
IM67339008;SAP FI (P-59) - DOCUMENTOS PTO VTA 0115/ 119  21/01/2019 SIN CONTABILIZAR;FICO;INC;SD;Configuración;No acorde a necesidad del negocio;Ajustar configuracion;Contabilizar facturas de ventas suc 0115/0119;;;No se pueden contabilizar facturas de ventas por error de sintaxis en condición previa validación;Se resolvió el tema y se contabilizaron las facturas;;;
IM67346235;SAP FI (P-59) - Detalle TRX TIIPSA y WAPAS;FICO;SR;FI;Sistemas Legados;Desincronizacion operativa entre SAP/legado;Optimizar procedimiento/operación;Contabilizacion operaciones Tiipsa y WAPAS;;;Solicitan el detalle de datos que se trasfieren a SAP mediante la ejecución de las funciones de contabilización para operaciones de TIIPSA y WAPAS. ;Se entrega el detalle;;;
IM67484185;SAP FI (P-59) - LICENCIA DE ACRONIS BACKUP PARA VOLKSWAGEN ** FACTURA 2796 SC 1006218767 NP 5500077208;FICO;SR;FI;Proceso de atencion;Usuario no responde;Se cierra el ticket por falta de información y tiempo;Recepción Electrónica facturas proveedores;;;El proveedor envía la factura con una NP que existe en KSRM, pero workflow la rechaza porque dice que la NP no existe;Se cierra el ticket, ya que la factura fue ingresada al sistema bajo la NP correspondiente;;;
IM67508711;SAP FI (P-59) - NP 5500078017 - Error en el proceso;FICO;SR;FI;Proceso de atencion;Usuario no responde;Se cierra el ticket por falta de información y tiempo;Recepción Electrónica facturas proveedores;;;No pueden contabilizar factura proveedores;Se cierra el ticket por falta de respuesta de usuarios;;;
IM67603500;ALTA TRASNACCION  FCHU;FICO;SR;FI;Proceso de atencion;Usuario no responde;Se cierra el ticket por falta de información y tiempo;Crear referencia del documento de pago con cheque;;;Consutan rol al que está asociada la tx FCHU;Se cierra el ticket por falta de respuesta de usuarios;;;
IM67683044;SAP FI (P-59) - Modificacion de sustitucion;FICO;SR;FI;Configuración;No acorde a necesidad del negocio;Ajustar configuracion;Cambio texto cuenta contable Autoahorro;;GGB1;Solicitan modificar sustitución PAGCON posición 016 texto cuenta 582900 ;Se modificó la sustitución;;;
IM67717884;SAP SD (P-59) - Debitos pendientes en SAP;FICO;SR;SD;Datos maestros ;Vistas de datos no alimentadas;Creación de vistas de datos adicionales;Débitos de Ventas;;;Débitos de cliente Gestamp que no ingresaron a SD;El cliente  80300172 no está extendido al área de ventas VWAR/10/10;;;
IM67792936;SAP FI (P-59) - SAP - Aprobacion datos maestros de proveedores;FICO;SR;FI;Desarrollos RICEF;No acorde a necesidad del negocio;Recodificar/ajustar desarrollo;Mail confirmación datos bcarios.proveedores;;ZVWAFI_APPROVE_DATA_CHANGE;Modificar texto mails confirmación datos bcarios.proveedores;La firma debe decir Suministros en lugar de Tesorería. La firma debe decir Suministros en lugar de Tesorería.;;;
IM67811651;CONSARG - CTA CORRIENTE - NO SE PUEDEN UTILIZAR FONDOS DISPONIBLES;FICO;SR;FI;Proceso de atencion;Usuario no responde;Se cierra el ticket por falta de información y tiempo;Consarg Cuentas corrientes;;;No se pueden utilizar fondos disponibles para cancelación;Se cierra el ticket por falta de respuesta de usuarios;;;
IM67846215;SAP FI - ERROR ELEMENTO PEP;FICO;SR;PS;Sistemas Legados;Desincronizacion operativa entre SAP/legado;Optimizar procedimiento/operación;Pago a proveedores;;;No se puede ejecutar el pedido;Lo soluciono el usuario;;;
IM68009843;SAP FI (P-59)  -  Regikasse con anticipos;FICO;SR;FI;Configuración;No acorde a necesidad del negocio;Ajustar configuracion;Regikasse con anticipos;;;Existe una transaccion en sap que esta arrojando un error con valores en negativo en las columnnas ´´Sin solicitud de compra ´´  y columna ´´ pago pendiente;Transporte a P04;;;
IM68059061;SAP FI (P-59)  -  ERROR EN DISPONIBLE DE FACTURACIÓN;FICO;SR;FI;Sistemas Legados;Desincronizacion operativa entre SAP/legado;Optimizar procedimiento/operación;Disponible en Facturación;;;No se puede facturar por error en disponible de facturación;Se le explicó al usuario que es lo que hizo que la posicion neta del cliente disminuyera y por lo tanto el credito disponible aumentará. Se verificó que se liberaron pedidos por un monto menor o igual, no mayor, que el abonado por el cliente;;;
IM68182868;SAP FI - SC en SAP que deberian estar canceladas;FICO;SR;FI;Información;Solicitud de información;Capacitar/ajustar reportes, crear reportes adicionales, ajustar configuración, implementar nueva funcionalidad SAP;Compras KSRM;;;SC  fueron canceladas pero aún figuran en SAP inmovilizando fondos.;Se envió la info solicitada;;;
IM68322226;SAP FI (P-59) - ARCHIVO ENVIADO VACIO_EXTRANET PROVEED  ENTREGAS;FICO;SR;FI;Sistemas Legados;Desincronizacion operativa entre SAP/legado;Optimizar procedimiento/operación;Extranet proveedores programa de entregas -;;;No hay datos de proveedores ;;;;
IM68332340;AP (P-59) - NP 5500078246 - Error en el proceso;FICO;SR;FI;Sistemas Legados;Desincronizacion operativa entre SAP/legado;Optimizar procedimiento/operación;Pago a Proveedores exterior;;;Error confirmaciones de NP para pagos al exterior;Se realizó una prueba en la transacción F-02. En la misma se realizó la carga de un importe a la cuenta 46010010 para lo cual el sistema no presentó ningún impedimento. Por tal motivo entiendo que la cuenta no se encuentra bloqueada.;;;
IM68407670;SAP FI (P-59)-TR SAP FICO PLAFT ZVWAFICOTR008;FICO;SR;FI;Sistemas Legados;Desincronizacion operativa entre SAP/legado;Optimizar procedimiento/operación;TR anual;;ZVWAFICOTR008;Partidas que están en bajada anual y no en bajadas mensuales;Se envio respuesta a la consulta, explicando la situación del proceso.;;;
IM68564513;Créditos no Transferidos a VWSF;FICO;SR;FI;Sistemas Legados;Desincronizacion operativa entre SAP/legado;Optimizar procedimiento/operación;Créditos no transferidos a VWSF;;;Créditos no transferidos a VWSF;Se debe mejorar la funcionalidad, se corrigió de forma manual.;;;
IM68603294;DOCUMENTOS PENDIENTES, punto de venta 0101;FICO;SR;SD;Sistemas Legados;Error CAE;Ajustar funcionalidad del legado/aplicativo/Ajustar Job/procesos;Facturación a clientes;;;Falta respuesta CAE de  Nota de débito  0104 A 00005579;Este ticket está duplicado y que el problema ya se resolvió con el tkt  IM68875774;;;
IM68608712;SOLICITUDES (P-59)/NS.AA.SOLICIT | Solicitud de Información |ZQ7/ARG;FICO;SR;FI;Configuración;No acorde a necesidad del negocio;Ajustar configuracion;Crear variantes de visualización de partidas de CPD;;Gestión financiera->Contabilidad de deudores y acreedores->Cuentas de acreedor->Partidas individuales->Definir campos adicionales p.visualizar partidas individuales;Poder visualizar los datos particulares del proveedor pro diverso para su analisis;Se activaron campos especiales (J_1KFTBUS , NAME1 y BKONT) de la tabla BSEC con el propósito de configurar variantes de partidas de proveedores pro diversos y se configuraron;;;
IM68609461;SAP FI - Anticipo a proveedores;FICO;SR;FI;Configuración;No acorde a necesidad del negocio;Ajustar configuracion;Anticipo a Proveedores;;OBYR;Configurar cuentas de anticipos para CME 2;Se configuraron las cuentas de anticipo según el RFC.;;;
IM68644254;PH WINDOWS 5D/PSA/PROYECTO 100/602/302/6425 NEGATIVO/ZQ7/ARG;FICO;INC;CO;Sin detalle;;;Sin detalle;;;Sin detalle;Se cierra el ticket, el usuario pudo solucionarlo por fuera.;;;
IM68694079;SAP FI (P-59) - Consulta Reporte ZTIIPSASD017;FICO;SR;FI;Desarrollos RICEF;No acorde a necesidad del negocio;Recodificar/ajustar desarrollo;;;ZTIIPSASD017;Sin detalle;Se corrigio el error reportado en el reporte;;;
IM68699490;SAP FI (P-59) - Fallo contabilización de CONCUR-p04;FICO;SR;FI;Sistemas Legados;Desincronizacion operativa entre SAP/legado;Optimizar procedimiento/integracion;Concur;;;Error contabilizacion Concur;Se resolvió agregando la cuenta a un set para que sustituya la división, y luego se saco la cuenta del set;;;
IM68784709;SAP SI MM (P-59) | Consulta estado de cuenta 0089900962 (ARG-zyw);FICO;SR;FI;Sistemas Legados;Desincronizacion operativa entre SAP/legado;Optimizar procedimiento/operación;Compras KSRM;;;Error en KSRM por cuenta bloqueada;Se procede a cerrar ticket. El error se continúa analizando en el ticket:  IM68537135.;;;
IM68808884;SAP FI (P59) | Error en SAP -  (ARG-zyw);FICO;SR;CO;Configuración;No acorde a necesidad del negocio;Ajustar configuracion;Presupuesto;;;Error al cargar datos en CJ02;Se resuelve inconveniente. Se cierra el ticket luego de la confirmación del usuario.;;;
IM68809896;SAP FI (P-59) - DOCUMENTOS SIN CAE;FICO;INC;SD;Sistemas Legados;Error CAE;Ajustar funcionalidad del legado/aplicativo/Ajustar Job/procesos;Facturación a clientes;;;Falta respuesta CAE de  Notas de débito;;se reprocesaron los archivos manualmente, se comprobó los registros en las tablas.;;
IM68812946;SAP FI (P-59) - NUEVA CLAVE SAP Q05;FICO;SR;FI;Perfiles;Desbloqueo de usuario;Ajustar perfiles;Desbloquear clave de usuario en Q05;;;Solicitan una nueva clave en SAP Q05 ya que actualmente está vencida.;;;;
IM68876961;SAP FI - BLOQUEAR NP;FICO;SR;CO;Configuración;No acorde a necesidad del negocio;Ajustar configuracion;Bloqueo NP;;;Solicitan bloquear la NP 5500071318 debido a un error de proceso;Se actualizo la info en P04 según MTF;;;
IM68886671;SAP FI - RFC FUERA DE SERVICIO;FICO;SR;;Sistemas Legados;Desincronizacion operativa entre SAP/legado;Optimizar procedimiento/operación;Conexión BPM con Q05;;;Falla en la invocación del RFC que conecta BPM con SAP en el ambiente calidad.;se adjunta mail enviado al usuario con la evidencia de que la conectividad rfc en calidad funciona.;;;
IM68887096;SAP FI (P-59) - Alta de usuarios - SAP - VWA Consulta Nueva limitar acceso al reporte;FICO;SR;FI;Perfiles;Accesos faltantes;Extender perfiles faltantes a usuarios;Acceso FBL5N;;;Crear el rol en SAP en Q05 para la transacción FBL5N “ Acceso de sólo lectura para los clientes terceros de VWA”.;Se cierra por ticket duplicado: IM68893397  Alta de usuarios - SAP - VWA Consulta Nueva;;;
IM68891995;SAP FI (P-59) - Se reporta un problema para cargar SC en el sistema PS en SAP;FICO;INC;PS;Sistemas Legados;Desincronizacion operativa entre SAP/legado;Optimizar procedimiento/operación;Cargar SC en el sistema PS en SAP;;;Al cargar los datos solicitados y querer guardar en la transacción CJ02, da un error,  indica que no se ha completado los campos obligatorios solicitados, el problema es que estos son cargados y al querer guardar se borran y sale el error.;Se realizaron los cambios en P04;;;
IM68964429;SAP FI (P-59) - Modificación Datos Maestros SAP - Cuenta banco Galicia;FICO;SR;FI;Configuración;No acorde a necesidad del negocio;Ajustar configuracion;Modificar en datos maestros SAP el Numero de cuenta corriente de banco Galicia;;FI12;Modificar en datos maestros SAP el Numero de cuenta corriente de banco Galicia;Se configuró la cuenta del Galicia según lo solicitado por el usuario y se agrego la cuenta en la tabla T028B.;;;
IM68980021;SAP FI (P-59) -  Problemas para avanzar el carrito en KSRM;FICO;SR;PS;Información;Solicitud de información;Capacitar/ajustar reportes, crear reportes adicionales, ajustar configuración, implementar nueva funcionalidad SAP;Compras KSRM;;;Inconveniente para la carga de una SC´s del usuario EEX7460 al CC 7870/7400;Se envía la info solicitada de P04;;;
IM68981647;SAP SD - Creación grupo de imputación;FICO;SR;SD;Configuración;No acorde a necesidad del negocio;Ajustar configuracion;Crear grupos de imputacion;;Comercial -> Funciones básicas-> Imputación/Cálculo -> Determinación de cuentas de ingresos -> Verificar datos maestros relevantes para la imputación -> Materiales: Grupos imputación;Crear grupo de imputación Gastos de Vehículos;Se creó el grupo de imputación solicitado.;;;
IM68982772;ADJ - SAP SD - CAMBIO DE GRUPO DE IMPUTACION;FICO;SR;SD;Configuración;No acorde a necesidad del negocio;Ajustar configuracion;Crear grupos de imputacion;;Comercial -> Funciones básicas-> Imputación/Cálculo -> Determinación de cuentas de ingresos -> Verificar datos maestros relevantes para la imputación -> Materiales: Grupos imputación;Crear grupo de imputación Gastos de Vehículos;Se creó el grupo de imputación solicitado.;;;
IM68983117;P04 FICO | TRX ZVWASD007 - (ARG-zyw);FICO;INC;FI;Desarrollos RICEF;Error de código;Recodificar/ajustar desarrollo;Compensacion deudores pasando la deuda a proveedores;;ZVWASD007;Los débitos no se compensan con el job;Se modifica el programa;;;
IM68983329;SAP SD - Procesamiento de archivos KASSEL;FICO;INC;SD;Sistemas Legados;Desincronizacion operativa entre SAP/legado;Optimizar procedimiento/operación;Procesamiento de archivos KASSEL;;;Ejecutar los jobs de VW AG para procesar todos los archivos que están pendientes en el servido;Se procesaron los files péndientes;;;
IM68983827;SAP FI - ERROR AL COMPENSAR PARTIDAS DEUDORAS;FICO;INC;FI;Proceso;No alineado a la funcionalidad std;Ajustar el proceso y el conocimiento de los proceso por parte de los key users;Compensación deudores;;;Error en compensación partidas de clientes;Otro usuario estaba tratando el mismo cliente  y estaba bloqueando el proceso;;;
IM68985841;SAP FI (P-59) - Campos Archivo de transferencias;FICO;SR;FI;Duplicado;;;;;;;IM69162343;;;
IM68991591;CONSARG (P-59) - Se solicita correjir la factura sin CAE;FICO;SR;SD;Sistemas Legados;Error CAE;Ajustar funcionalidad del legado/aplicativo/Ajustar Job/procesos;Facturación a clientes;;;Falta respuesta CAE de facturas;Se reenvía la factura a AFIP y se obtiene CAE;;;
IM69008738;Reprocesar W05 (Línea de Crédito) del 18/04/2019 - (ARG-zyw);FICO;SR;FI;Sistemas Legados;Desincronizacion operativa entre SAP/legado;Ajustar la funcionalidad legado/aplicativo/Ajustar Job/procesos;Wholesale BBVA;;ZVWAFICC092;Reprocesar W05 (Línea de Crédito) del 18/04/2019 ;Se proceso el archivo W05 ;;;
IM69029101;SAP FI (P-59)/Error en cesión de créditos/ZQ7;FICO;SR;FI;Configuración;No acorde a necesidad del negocio;Ajustar configuracion;Cuentas Gestión;;ZVWAFICC104;Error compensación créditos cuenta gestión;Se produce por cambio en la condición de pago en el proveedor.;;;
IM69162343; SAP FI (P-59) - Campos Archivo de transferencias;FICO;SR;FI;Proceso;No alineado a la funcionalidad std;Ajustar el proceso y el conocimiento de los proceso por parte de los key users;Transferencias CITI;;;Solicitan saber si el archivo txt contiene el nro.de documento SAP ;Se le informa que el archivo txt contiene el nro.de documento SAP;;;
IM69342044;Error de Contabilización - ET2000/SAP FI-CO;FICO;SR;SD;Sistemas Legados;Desincronizacion operativa entre SAP/legado;Ajustar la funcionalidad legado/aplicativo/Ajustar Job/procesos;Contabilizar documentos SD;;WEINBQUEUE;Los IDOCs generados en ET2000 no ingresan a SAP-FICO desde el 06.05.2019;Se procesó la cola pendiente de Idocs;;;
IM64294520;RFS- VALIDACIÓN EN EJECUCIÓN ARCHIVO DE PAGOS;FICO;SR;FI;Desarrollos RICEF;Nuevo requerimiento;Crear nuevo desarrollo;Control de no duplicidad al momento de generar y enviar archivo de pagos al banco;;;Se propone validar por un desarrollo la validación de duplicidad en la generación de la impresión de la propuesta de pag;Se desestima el requerimiento;;;
IM67507597;Generacion Ticket - RFS - Cuentas ProCKD - Compensación;FICO;SR;FI;Configuración;No acorde a necesidad del negocio;Ajustar configuracion;Compensacion de partidas abiertas;;OB09;Configurar nuevas cuentas contables para registrar diferencias de cambio;Se agregan nuevas cuentas para contabilizar difcias.de cambio a la tabla T030H.;;;
IM61163673;PH SUPPORT SERVICES - Mejoras Proyecto de Tesoreria III;FICO;SR;FI;Desarrollos RICEF;Nuevo requerimiento;Crear nuevo desarrollo;Pago de Proveedores del exterior;;ZVWAFITR008;Pago de Proveedores del exterior;Se propuso la solución estándar de SAP para utilizar el código IBAN que se debe ingresar en el maestro del proveedor, luego la boleta de cierre de cambio utiliza el campo armado con la composición del código IBAN ingresado para identificar el coodigo de transferencia bancaria en el formulario. Se desestimó la mejora y se procedió al cierre.;;;
IM63049479;SAP FI (P-59) - RFC - Condiciones de Pago a Proveedores del Exterior;FICO;SR;FI;Desarrollos RICEF;Error de código;Recodificar/ajustar desarrollo;Análisis de Condiciones de Pago SAP para proveedores exterior;;ZVWAFITRAP064;Chequear el correcto comportamiento de las condiciones de pago de proveedores del exterior para control de vencimientos;Se crearon las sustituciones solicitadas (de banco propio y condición de pago), las tablas pedidas y se modificaron las condiciones de pago.;;;
IM63531063;FACTURACIÓN ELEC (P-59) - Consulta Facturación de Bienes a través de Misceláneos (Punto de Venta E 0116);FICO;SR;SD;Desarrollos RICEF;Nuevo requerimiento;Crear nuevo desarrollo;Facturación sucursal 0116;;;Solicitan agregar datos a las facturas que se emitan desde esa sucursal;Se efectuó la modificación solicitada.;;;
IM64586188;SAP FI(59). - CONCUR: Guardado de Archivos;FICO;SR;FI;Desarrollos RICEF;No acorde a necesidad del negocio;Recodificar/Ajustar desarrollo;Concur;;;Cambiar el path del archivo de pagos por gastos a empleados;Se cierra el ticket debido a que, con la próxima implementación de HR, ya no va a ser necesario. Se adjuntó el mail del usuario con el pedido de cierre..;;;
IM64853250;SAP FI (P-59) - INTERBANKING;FICO;SR;FI;Proceso de atencion;Usuario no responde;Se cierra el ticket por falta de información y tiempo;Interbanking;;;Archivos de Interbanking en ASCII o CSV ;Se cierra el ticket, ya que Jorge no lo tiene en sus planillas. a pesar de que la apertura del ticket fue  realizada por Jorge;;;
IM65118474;SAP FI (P-59) - FRC - Dif de Cambio por FC en USD;FICO;SR;FI;Desarrollos RICEF;No acorde a necesidad del negocio;Recodificar/Ajustar desarrollo;ND y NC por difcias.de cambio;;ZTIIPSASD041;Se solicita que el importe utilizado como base imponible en las Notas de Débito y Crédito por Diferencia de Cambio sea modificado;Se realizó un Nuevo cálculo (acorde a lo solicitado) para tomar como base en la NC/ND generada por ajuste de tipo de camb;;;
IM65287129;SAP HR (P-59) - MODIFICAR FORMATO;FICO;SR;HR;Desarrollos RICEF;No acorde a necesidad del negocio;Recodificar/Ajustar desarrollo;Payroll - Topes legales Sep 2018;;ZTR_RIO_FFOT_FORM;Modificar formato archivo txt;Se toma el problema del anvio automatico al banco con el ticket IM69162385;;;
IM65910641;SAP FI (P-59) -  IMPLEMENTAR NUEVO PROCESO DE IMPUESTOS;FICO;SR;FI;Desarrollos RICEF;No acorde a necesidad del negocio;Recodificar/Ajustar desarrollo;Proceso de impuestos en interface BPM;;Z_BPM_BI;Ajustar el archivo archivo que viaja via RVS y programa de ejecución del mismo en SAP para incorporar dato adicional del proceso de pago de Impuestos.;;;;
IM66274002;SAP FI (P-59) - Resolución DH-CME4-Cliente-vía de pago;FICO;SR;FI;Configuración;No acorde a necesidad del negocio;Ajustar configuracion;Contabilizar reintegros de efectivo;;OBL3;No permite contabilizar clase de documento DH con CME 4 con lo cual no se pueden cerrar las devoluciones de aquellas personas que cierran Fondo Fijo.;Se resuelve con el IM66144828;;;
IM66774817;SAP FI (P-59)  -  RECHAZO CITI--INCIDENTE;FICO;SR;FI;Sistemas Legados;Desincronizacion operativa entre SAP/legado;Optimizar procedimiento/integracion;Proceso de pago de planes de rescindidos y cancelados de autoahorro;;;Banco Citi rechazo txt;Se deben eliminar registros con errores y reprocesar;;;
IM66790517;SAP FI - Proceso de liquidacion de obras en curso y activos fijos;FICO;SR;FI;Proceso;No alineado a la funcionalidad std;Ajustar el proceso y el conocimiento de los proceso por parte de los key users;Proceso de liquidacion de obras en curso y activos fijos;;CJIC;Procedimiento propuesto para liquidar a muchos AF definitivos un mismo PEP utilizando porcentajes fijos en lugar de seleccionar partida por partida con la CJIC.;Se entregó el procedimiento solicitado;;;
IM67591478;SAP FI (P-59)  -  Emitir D5+AnexoII;FICO;SR;FI;Desarrollos RICEF;Nuevo requerimiento;Crear nuevo desarrollo;Certificado de adjudicación de autoahorro;;; Anexar a la emisión del recibo de caja (D5) nota por la cesión del crédito correspondiente al Certificado de Adjudicación de VW Autoahorro. Crear nueva transacción que imprima carta (Anexo II);Tratado en el ticket IM65900321 SAP FI (P-59) - T;;;
IM67853660;SAP FI (P-59)  -  ERROR KSRM;FICO;SR;MM;Proceso;No alineado a la funcionalidad std;Ajustar el proceso y el conocimiento de los proceso por parte de los key users;Error KSRM;;;En KSRM la SC 1006138727 ya figura borrada, sin embargo nos sigue comprometiendo en SAP fondos del proyecto;Se resolvió por procedimiento;;;
IM67901956;SAP FI (P-59-Error KSRM;FICO;SR;MM;Proceso;No alineado a la funcionalidad std;Ajustar el proceso y el conocimiento de los proceso por parte de los key users;Error KSRM;;;En KRSM SC cancelada pero en SAP figura que el dinero está comprometido;Se procede a cerrar ticket ya que el usuario confirma resolución del inconveniente;;;
IM67985422;SAP FI (P-59) - ACTIVAR OPCIONES BLOQUEADAS TRX FCHN CAMPO CHECF;FICO;SR;FI;Proceso;No alineado a la funcionalidad std;Ajustar el proceso y el conocimiento de los proceso por parte de los key users;Registro de cheques;;FCHN;El usuario solicita matchcode en el campo nro.cheque de la pantalla de selección de la tcode FCHN;Se le explica que el rango puede ser desde hasta el mismo numero de cheque para seleccionar un solo cheque.;;;
IM68269937;SAP FI (P-59) - Propuestas de pago - Proveedores en USD-EUROS error de desbloqueo.;FICO;SR;FI;Proceso;No alineado a la funcionalidad std;Ajustar el proceso y el conocimiento de los proceso por parte de los key users;Pago a proveedores;;F110;En los casos de proveedores que facturan en varias monedas al ejecutar una propuesta de pago se desbloquean las partidas en todas la monedas ;Se explico el procedimiento de la selección por Banco propio.;;;
IM68322947;SAP FI -Calculation of prices for finished products;FICO;SR;FI;Desarrollos RICEF;No acorde a necesidad del negocio;Recodificar/Ajustar desarrollo;Cálculo de precios para productos terminados;;;Maestro de material borrado;Realizado en ticket IM68585395, se efectua transporte.. Se adjunta mail con OK de CAB para su transporte;;;
IM68405873;SAP FI (P-59) - ERROR EN VIA DE PAGO R;FICO;SR;MM;Proceso;No alineado a la funcionalidad std;Ajustar el proceso y el conocimiento de los proceso por parte de los key users;Liberar factura bloqueadas;;MRBR;El proveedor que adjunto tiene saldo a favor en todo momento y le figura un bloqueo automático R cuando en realidad tendría que estar disponible para abonar;La soc. 0481 tiene activado un bloqueo de pago automatico en la verificacion de facturas por difcias de precio con tolerancia cero. Se desbloquea con MRBR.;;;
IM68517216;SAP FI (P-59) -  Mapeo de tablas de tesoreria;FICO;SR;FI;Información;Solicitud de información;Capacitar/ajustar reportes, crear reportes adicionales, ajustar configuración, implementar nueva funcionalidad SAP;Documentos compensados;;;Falta detalle de lo solicitado;Se suministró al provedor informacion sobre las tablas en sap que se utilizan para partidas abiertas y compensaciones para el area de tesoreria,;;;
IM68537351;SAP FI - BAJADA DE CHEQUES;FICO;SR;FI;Proceso;No alineado a la funcionalidad std;Ajustar el proceso y el conocimiento de los proceso por parte de los key users;Crear referencia de documentos de pagos con cheques;;FCHU;No pega el número de cheque en el campo asignación siendo que estaba en el archivo que se había descargado del Banco.;Se ejecuto la transaccion FCHU para asignar los numeros de cheques al campo asignacion para las cuentas Corrientes dal banco CITI. Lo mismo se realiza para poder conciliar los extractos bancarios con el pago.;;;
IM68757452;SAP FI (P-59) - rango de proveedores 8088 presenta un saldo en abril 2017;FICO;SR;FI;Proceso;No alineado a la funcionalidad std;Ajustar el proceso y el conocimiento de los proceso por parte de los key users;;;F.07 ;El rango de proveedores 8088, estando compensado, en la consulta FBL1N no presenta partidas abiertas pero si se consulta por la FK10N, presenta un saldo en abril 2017 que mantiene hasta el presente.;Se le pidió al usuario que efectúe el arrastre de saldos para el rango de proveedores 8088 desde el 2011 hasta la actualidad. Una vez hecho, se comprobó que el saldo estuviera en cero para el año 2017.;;;
IM68859169; SAP FI (P-59) - Casos de lotes de Comision no generados;FICO;SR;FI;Proceso;No alineado a la funcionalidad std;Ajustar el proceso y el conocimiento de los proceso por parte de los key users;Generación de lotes;;ZTIIPSACOM;Lotes no se visualizan para la liquidación de comisiones en la transacción Ztiipsasd011;Se edita la tabla ZTIIPSA_TA_COMLO para poder reprocesar (se borran todas las entradas menos la última donde se cambia la fecha a 22.02.2019-último día hábil anterior a la fecha necesaria);;;
IM68892766;SAP FI - Bloqueo de NP 5500071318 Grob - Modific. Línea Carcasas WAR 2018 000040;FICO;SR;PS;Proceso;No alineado a la funcionalidad std;Ajustar el proceso y el conocimiento de los proceso por parte de los key users;;;;Precisamos su ayuda en colocar el tilde de entrega final sobre la NP bloqueada n° 5500071318 con el fin de que regrese el presupuesto al PEP para la liberación de la nueva SC.;Se bloqueo la NP en P04 y no compromete mas fondos en el proyecto;;;
IM68913463;SAP FI - BLOQUEO DE PROVEEDOR;FICO;SR;FI;Proceso;No alineado a la funcionalidad std;Ajustar el proceso y el conocimiento de los proceso por parte de los key users;Bloqueo de proveedor;;;El proveedor fue bloqueado por mi usuario pero no fui yo;Se verificó que no hubiera ningún job o alguna otra cosa que pudiera haber bloqueado al proveedor. Además, como este bloqueo no había pasado antes y no volvió a pasar después de la creación del ticket se entiende que puede haber sido un error/equivocación de única vez.;;;
IM69104463;Información Maestro de Clientes;FICO;SR;FI;Configuración;Nuevo requerimiento;Realizar configuración;Obtener datos de dirección de clientes;;SQ01 - DIR_CLIENTES;Necesitan generar una consulta masiva del maestro de clientes de SAP donde se reporten los datos de dirección.;Se creó la consulta solicitada por el usuario;;;
IM69140307;Adelantar JOB de Reestructuración de Creditoas 16:00 hrs;FICO;SR;FI;Procesos;No acorde a necesidad del negocio;Ajustar el proceso y el conocimiento de los proceso por parte de los key users;Job restructuración de créditos;;;Solicitan adelantar el horario del job de reestructuración de créditos;Esta solicitud es de abril y fue hecha en su momento, se hablo con el usuario para verificar y efectivamente hoy 29 de mayo no necesitan que efectuemos cambios. se cierra el ticket;;;
IM69165143;SAP FI (P-59) - Problemas CC en SAP;FICO;INC;FI;Proceso;No alineado a la funcionalidad std;Ajustar el proceso y el conocimiento de los proceso por parte de los key users;Contabilizar facturas proveedores;;;SAP está rechazando el codigo de orden que se envía para contabilizar la factura.;Se analizó el caso y se observó que la orden no estaba creada.Se cierra el ticket por falta de respuesta de usuarios;;;
IM69268996;NP 5500075752 - EWAB IM67638903 - Confirmation from KSRM;FICO;INC;FI;Configuración;No acorde a necesidad del negocio;Ajustar configuracion;Pedidos en KSRM;;;Problema al realizar una confirmación de pedido en KSRM. Da error de account assignment en backend. En el backend no hay error de ningún tipo.;Se implementan notas sap;;;
IM69270738;SAP FI (P-59) - El bloqueo R está bloqueando documentos con saldo a favor del proveedor sin ningún debito pendiente.;FICO;SR;FI;Proceso;No alineado a la funcionalidad std;Ajustar el proceso y el conocimiento de los proceso por parte de los key users;Bloqueo de pago ;;;Bloqueo R de documentos sin iningun saldo a favor del proveedor con débitos pendientes;Se bloquean para el pago porque tienen diferencias de centavos con respecto a las NP;;;
IM69297760;SAP FI (P-59) - Emitimos documentos al exterior y deben ser modificados de 2 a 4. Se adjunta mail con el detalle.;FICO;SR;FI;Desarrollos RICEF;Nuevo requerimiento;Crear nuevo desarrollo;Facturación al exterior;;;Emiten documentos al exterior y deben ser modificados de 2 a 4.;Se resolvio el requerimiento;;;
IM69353512; SAP FI (P-59) - CONSULTA POR BLOQUEO DE PAGO R CON SALDO ACREEDOR;FICO;SR;FI;Proceso;No alineado a la funcionalidad std;Ajustar el proceso y el conocimiento de los proceso por parte de los key users;Bloqueo de pago ;;;Verificar porque se bloquea automáticamente con vía de pago R uno o varios documentos cuando en realidad que estar disponible para emitirse en una propuesta.;Se cierra por estar repetido, se trata con el IM68405873.;;;
IM69376474;SAP FI (P-59) - Recaudación y Publicación;FICO;SR;FI;Proceso;No alineado a la funcionalidad std;Ajustar el proceso y el conocimiento de los proceso por parte de los key users;Recaudación y publicación;;;La recaudación no ingresó y la publicación quedo pendiente de autorizar;Se cargó el archivo de la recaudación en la carpeta correspondiente y se relanzo el JOB JATR002DP;;;
IM69381100;Error SAP - Profit;FICO;SR;FI;Proceso;No alineado a la funcionalidad std;Ajustar el proceso y el conocimiento de los proceso por parte de los key users;SAP-Profit;;;Falta detalle de lo solicitado;Se orientó al usuario x skype compartiendo escritorio y se resolvió el problema;;;
IM69403798;IM69403798 - Modificacion estructura pantalla clases de AF para inversiones;FICO;INC;FI;Configuración;No acorde a necesidad del negocio;Ajustar configuracion;Activos Fijos;;OAYZ;Modificar estructura de pantalla de las clases de activos de inversión para poder contabilizarlos por medio de la creación objetos PEP;;;;
IM69426534;SAP FI (P-59) - Se solicita hace el cambio de un Status Campo.;FICO;SR;FI;Configuración;No acorde a necesidad del negocio;Ajustar configuracion;Status campo;;;En las claves de contabilización 22 y 32 se cambia el status campo de Suprimir a Opcional.;Se modificó el status campo para las claves de contabilización 22 y 32;;;
IM69464508;SAP FI (P-59) - Problema Procesamiento .txt en SAP;FICO;INC;FI;Configuración;No acorde a necesidad del negocio;Ajustar configuracion;Procesamiento de archivo txt;;;No se puede procesar archivo txt;Se modifca la representación del importe en el archivo para poder ser ejecutado;;;
IM69502337;Problema Procesamiento .txt en SAP // IM69464508;FICO;SR;FI;Duplicado;;;;;;;;;;
IM69535314;SAP FI (P-59) - Se necesita que se quite el tilde de recepción de mercadería para NP 5500070735;FICO;SR;FI;Proceso;No alineado a la funcionalidad std;Ajustar el proceso y el conocimiento de los proceso por parte de los key users;Recepción de mercadería;;MIRO;Se necesita que se quite el tilde de recepción de mercadería para NP 5500070735;Se realizo la modificación solicitada de la NP;;;
IM69560807;SAP FI (P-59) - Calculation of prices for finished products - New changed request.;FICO;SR;CO;Desarrollos RICEF;Nuevo requerimiento;Crear nuevo desarrollo;Precios de propia producción;;ZKSLP_VT_BOM_DIA;Modificar la regla de cálculo de partes terminadas;Se realizó la modificación solicitada.;;;
IM69580308;SAP FI (P-59)/ Apertura Incidente Bajada de cheques/ZQ7;FICO;SR;FI;Proceso;No alineado a la funcionalidad std;Ajustar el proceso y el conocimiento de los proceso por parte de los key users;Crear referencia de documentos de pagos con cheques;;FCHU;No se puede asignar el nro.de cheque a documentos de pago en algunos casos;Se detectó que el problema era debido a que ya se había ejecutado la transacción FCHU para los cheques mencionados. Por esta razón, se borró el registro de ejecución para los cheques pedidos por el usuario, permitiendo que se pueda volver a ejecutar dicha transacción.;;;
IM69582323; SAP PS (P-59) -no puede ejecutar la transacción SQ01, derivar a sector Sap Rights.;FICO;SR;FI;Proceso;No alineado a la funcionalidad std;Ajustar el proceso y el conocimiento de los proceso por parte de los key users;;;SQ01;No puede ejecutar SQ01;e asigno al usuario VWAR30G al grupo AMS-SAP y se le indica al usuario el proceso para ejecutar la tx SQ01.;;;
IM69614590; SAP FI (P-59) - Creación NP en el entorno de Calidad KSRM;FICO;SR;PS;Configuración;No acorde a necesidad del negocio;Ajustar configuracion;Creación NP en  KSRM;;;Crear NP en KSRM en entorno Q05 que se impute a un elemento PEP;Lo resolvieron los usuarios;;;
IM69617504; - mejorar la performance del programa ZTIIPSA_SD_REPORTE_FACT;FICO;SR;FI;Desarrollos RICEF;Baja performance;Recodificar/ajustar desarrollo/corrida Job, Reporte, archiving, revisar la selección de datos en los programas;Lista de facturas;;ZTIIPSA_SD_REPORTE_FACT;Mejorar la performance del programa ZTIIPSA_SD_REPORTE_FACT;Cerrado por estar duplicado.;;;
IM68537135;[K-SRM-AR/”PO”][0080] (PO Back-End Error:In case of account assignment, please enter acc. assignment data for item);FICO;Additional Info;MM;Configuración;No acorde a necesidad del negocio;Ajustar configuracion;Certificar Nota de Pedido;;KSRM;Error de proceso en PO por cuenta contable bloqueada;Se aplicaron 3 notas OSS en FICO y eso resolvió el error en KSRM;;;
IM69032527;K-SRM-A/”call off”][0080] (SCs incoterm 60 does not exist);FICO;INC;SD;Proceso de atencion;Usuario no responde;Se cierra el ticket por falta de información y tiempo;;;KSRM;Error de proceso en PO por  incoterm inexistente;El incoterm 60 no existe “LIBRE A BORDO” es “FOB”. Se cierra el ticket por falta de respuesta de usuario.;;;
IM68876967;AP (P-59) - DEBITOS DUPLICADOS;FICO;INC;SD;Sistemas Legados;Desincronizacion operativa entre SAP/legado;Optimizar procedimiento/integracion;Interfaz AP;;;En SD impactaron 3 veces , por lo cual generaron 3 débitos iguales por cada uno.;El file recibido en SAP tiene formato incorrecto, contiene la hora minutos y segundos pero no la fecha.Ver con RVS para que revise porqué en algunos casos genera files con timestamp incorrecto.;;;
IM69485925;SAP SD (P-59) - Creación grupo de imputación;FICO;SR;SD;Configuración;No acorde a necesidad del negocio;Ajustar configuracion;Crear grupos de imputacion;;Comercial -> Funciones básicas-> Imputación/Cálculo -> Determinación de cuentas de ingresos -> Verificar datos maestros relevantes para la imputación -> Materiales: Grupos imputación;Crear grupo de imputación Serv.Fact. Concesionarios;Se creó el grupo de imputación solicitado.;;;
IM62527492;WEBSITE AA (P-59) - CONCILIACION TRANSFERENCIAS AUTOAHORRO;FICO;SR;FI;Proceso de atencion;Usuario no responde;Se cierra el ticket por falta de información y tiempo;Conciliación bancaria transferencias autoahorro;;;Realizar un desarrollo que permita actualizar todos los documentos de pagos en SAP con la información de los mismos emitidos en Citibank (Cheques y Transferencias) para soportar la conciliación bancaria.;Se cierra el ticket por falta de respuesta usuarios.;;;
IM64756898;SAP FI (P-59) - Error al momento de generar Ordenes de trabajo en la transaccion KO01;FICO;SR;CO;Configuración;No acorde a necesidad del negocio;Ajustar configuracion;Ordenes facturables a terceros;;KOT2_OPA/KONK;Error al momento de generar Ordenes de trabajo en la transacción KO01;Se crea la clase de orden FAC1 en la transacción KOT2_OPA.;Se crea la clase de orden FAC1 en la transacción KOT2_OPA.;;
IM67164189;Condiciones de Pago Proveedor;FICO;SR;FI;Desarrollos RICEF;No acorde a necesidad del negocio;Recodificar/Ajustar desarrollo;Pago a proveedores;;OBB8/ZVWAFIAPB047;1-Se solicita crear las condiciones de Pago E210 y E280 con las características de las demás condiciones del exterior. Cambiando los días de plazo. 2 - Actualmente la transacción ZVWAFITRAP064 modifica el cambo ZLSPR de la tabla BSEG y deja vacío el campo. Ahora se solicita grave valor A;Se crearon las condiciones de pago solicitadas y se modificó el programa de despachos según las indicaciones;;;
IM68293397;SAP FI - SAP: Bienes de Uso;FICO;SR;FI;Proceso de atencion;Usuario no responde;Se cierra el ticket por falta de información y tiempo;Amortización Activos Fijos;;;Se solicita modificar clave de amortización bienes de uso para cumplir con el tope de $ 20.000.- que define AFIP.;Se cierra el ticket por falta de respuesta usuarios.;;;
IM68887065;SAP FI - VERIFICAR NP;FICO;SR;MM;Configuración;No acorde a necesidad del negocio;Ajustar configuracion;Aprobación NP;;;Error aprobación NP;No hay detalle solucion;;;
IM68893397;(ATTACHED) SAP FI - VWA CONSULTA NUEVA;FICO;SR;FI;Perfiles;Accesos demasiado amplios ;Ajustar perfiles;Consulta clientes exterior;;;Limitar el acceso a la trx S_ALR_87012197 (visualización de partidas de Cliente), para que utilicen determinados usuarios. ;Se define libremente el código “TCON” para ser considerado como un valor definido en el objeto de autorización del rol asignado a un grupo de Usuarios;;;
IM68964413;SAP FI (P-59) - Padrón IIBB Córdoba;FICO;INC;FI;Desarrollos RICEF;Nuevo requerimiento;Crear nuevo desarrollo;Retenciones/Percepciones Córdoba;;;Implementar nuevo padrón Retenciones/Percepciones Córdoba;Se crean el desarrollo para proceder a calcular Retenciones/Percepciones Córdoba de acuerdo al Padrón implementado por la Pcia. De Córdoba;;;
IM68985623;SAP FI (P-59) - Diferenciar en SAP-FICO una NP de AIP de cualquier otra;FICO;SR;MM;Información;Solicitud de información;Capacitar/ajustar reportes, crear reportes adicionales, ajustar configuración, implementar nueva funcionalidad SAP;Documentos compensados;;;Necesitan saber diferenciar una NP que fue generada a partir de AIP (un tooling productivo)de otra NP de inversiones de compras generales.Ambas son de inversiones. Pero ¿cómo saber si es de Compras Productivas (AIP) o de Compras Generales (K-SRM), que no sea mirando el nombre del comprador;Se definió que las NP se diferencian en base al grupo de artículo y al grupo de compras.;;;
IM68998776;SAP FI | Layout Paylink 1024 y Detalles para el WebServer | VOLKSWAGEN ARGENTINA SA | [ID:1-1EI19ZG];FICO;SR;FI;Desarrollos RICEF;Nuevo requerimiento;Crear nuevo desarrollo;Layout Paylink 1024 y detalles para el Webservice;;ZTR_ANULAR_CHEQUE ;Se debe crear una transacción Z para realizar la anulación masiva de cheques. La misma debe permitir el ingreso de varios números de cheques a la vez para llamar a la transacción estándar FCH9 por cada cheque;Se desestima el desarrollo porque cambian la forma de pago a transferencias bancarias;;;
IM69054656;RE: f-98 campo ZUONR;FICO;SR;FI;Desarrollos RICEF;No acorde a necesidad del negocio;Recodificar/Ajustar desarrollo;Lista de pagos;;;Modificar el layout del listado de pagos para las importaciones;Se modifica el listado de pagos según lo solicitado;;;
IM69270792;CAMBIOS REGJIKASSE CONTRATOS ANTICIPOS Y SC;FICO;SR;FI;Desarrollos RICEF;Nuevo requerimiento;Crear nuevo desarrollo;Regikasse;;ZVWA_FI_PROY_ACTIVOS;"Crear un nuevo reporte ALV para el Regikasse.Crear tres tablas Z para información de contratos y de anticipos sin NP que son necesarios mostrar en el ;;;
IM69511351;MPUTAR ASIENTOS MAYORES A MIL MILLONES ARG;FICO;SR;FI;Configuración;No acorde a necesidad del negocio;Ajustar configuracion;Contabilización asientos;;Gestión financiera->Parametrizaciones básicas de gestión financiera->Documento->Posición de documento->Asignar usuarios/grupos de tolerancia;Es necesario asignar a los usuarios VWAR429, VWARIDX y VWARZ3T al grupo de tolerancia 1000 con el objetivo de que puedan contabilizar asientos mayores a mil millones.;;;;
IM69692664;COTIZACIONES DIARIAS INFOAVAL;FALSE;SR;FI;Procesos;No acorde a necesidad del negocio;Ajustar el proceso y el conocimiento de los proceso por parte de los key users;Job que actualiza tipos de cambio;;Job_infoaval;Repetir que el job que actualiza el tipo de cambio para que corra también a las 22hs,  asi ante un error en la corrida de las 16hs se cubren con el de las 22hs.;Se creó la copia del Job para su creación a las 22 hs.;;;
IM69720456;PH_WINDOWS_5D/Solicitud de Cambio;FICO;SR;FI;Desarrollos RICEF;Nuevo requerimiento;Crear nuevo desarrollo;Facturación a concecionarios;;;"Crear un archivo diaria que contenga las facturas que VW le emite a ";IM69010720;;;
IM69729729;SAP FI (P-59) - Quitar Bloqueo de Pago;FICO;SR;FI;Configuración;No acorde a necesidad del negocio;Ajustar configuracion;Bloqueo de pago ;;;Quitar bloqueo de pagos S para documentos referenciados a facturas.;Repetido en el IM69606942;;;
IM69753023;SAP FI/Documentos sin contabilizar /ZQ7;FICO;SR;SD;Sistemas Legados;Desincronizacion operativa entre SAP/legado;Optimizar procedimiento/integracion;Contabilizar documentos SD;;;Algunos de los documentos emitidos por el punto de venta 115 quedaron sin contabilizar;Se resolvió el error.;;;
IM69783334;PH_WINDOWS_7D_AR Estamos necesitando bajar información en de la plataforma de Citidirect y subirla a SAP.;FICO;SR;FI;Desarrollos RICEF;Nuevo requerimiento;Crear nuevo desarrollo;Citidirect;;;Necesitan bajar información del Citidirect y subirla a SAP. Para esto nececitan habilitar la ruta en el servidor para pegar los datos de las transferencias en sap.;Se cierra el ticket por estar duplicado;;;
IM69807676;SAP FI (P-59) - material Bloqueado;FICO;SR;MM;Proceso;No acorde a necesidad del negocio;Ajustar el proceso y el conocimiento de los proceso por parte de los key users;Pago a proveedores;;;No pueden desbloquear un material con bloqueo 300;El procedimiento correcto para el movimiento de las HU es enviarlas todas a la ubicación de calidad donde fueron bloqueadas con el “300”, luego desbloquearlas por proceso (adjunto manual) y moverlas a la ubicación actual, volver a informar con captura si vuelve a caer en error al momento que queden en “003”. Según lo que vimos las HU ya pasaron por calidad y fueron a línea, aguardo respuesta.;;;
IM69897929;RV: no se aplicaron los creditos a transferir;FICO;SR;FI;Proceso;No acorde a necesidad del negocio;Ajustar el proceso y el conocimiento de los proceso por parte de los key users;Transferencia de Créditos;;;El concesionario marco en Cuenta de Gestión un crédito para ceder a VWFS pero no se realizo la transferencia;Se le indica el proceso al usuario;;;
IM69919062;SAP FI/ Consulta por generacion de NP (ZWX-FP);FICO;SR;MM;Proceso;No acorde a necesidad del negocio;Ajustar el proceso y el conocimiento de los proceso por parte de los key users;Compras KSRM-FICO;;MIRO;Consulta carga NC por MM;Se le indica el proceso al usuario;;;
IM69971036;FACTURACIÓN ELEC (P-59) - facturas que no se visualizan en SAP (ZAI-ARG);FICO;SR;UNIT;Sin detalle ;;;;;;;;;;
IM69998934;SAP FI (P-59) - error en profis al emitir un anticipo a un PEP (ZAI-ARG);FICO;INC;PS;Configuración;No acorde a necesidad del negocio;Ajustar configuracion;Presupuesto;;;El problema era que facturaban el 30% de la factura que tenia comprometido un presupuesto sin tolerancia, y se pasaba por el calculo del 30% de importe original de cada posición de la factura en profis al emitir un anticipo a un PEP;Se resolvió con una tolerancia en el presupuesto;;;
IM70021789;Customizing condiciones de pago;FICO;INC;FI;Desarrollos RICEF;Transporte de órdenes;Revisar los entornos y secuencias de transportes;Condiciónes de pago_Prog Despacho ;;;Consulta sobre bloqueo condiciones de pago;Faltaba transportar a P04 los cambios del  IM67164189 ;;;
IM70027537;Proyecto portal autogestión facturas - Integración ET-2000;FICO;SR;FI;Desarrollos RICEF;Nuevo requerimiento;Crear nuevo desarrollo;Contabilización facturas en FICO;;;Reemplazar la carga manual del usuario por alguna interfaz con E-Buyplace.;Se sigue bajo el IM70048068.;;;
IM70192604;BAJADA DE CHEQUES - zrj;FICO;SR;FI;Proceso;No acorde a necesidad del negocio;Ajustar el proceso y el conocimiento de los proceso por parte de los key users;Crear referencia de documentos de pagos con cheques;;FCHU;Al realizar la carga de los cheques se pego en el campo referencia en lugar del campo asignación que seria el correcto.Adjunto el archivo con los números de cheque que se deben borrar el número de cheque del campo referencia;Se borró el registro de ejecución de la tabla PAYR para los tickets indicados por el usuario, permitiendo que se pudiera volver a correr la transacción;;;
IM70210383;DOCUMENTPO SD NO IMPACTO EN FICO  -  zrj;FICO;INC;FI;Sistemas Legados;Desincronizacion operativa entre SAP/legado;Optimizar procedimiento/integracion;Contabilizar documentos SD;;;Documento SD que no impacta en Fico;Se reprocesaron los documentos y se contabilizaron;;;
IM70142759;SAP SI MM// NEUMAYER (Pendiente de sap) (ZBB);FICO;SR;MM;Sistemas Legados;Desincronizacion operativa entre SAP/legado;Optimizar procedimiento/integracion;Compras KSRM;;;No pueden utilizar el material de las facturas comerciales 1107/19 –1108/19 y 1109/19 de Neumayer debido a que no aparecen en SAP.;Se encontraron las facturas solicitadas y fueron enviadas para contabilización;;;
IM69724846; - Creación grupo de imputación;FICO;SR;SD;Configuración;No acorde a necesidad del negocio;Ajustar configuracion;Crear grupos de imputacion;;Comercial -> Funciones básicas-> Imputación/Cálculo -> Determinación de cuentas de ingresos -> Verificar datos maestros relevantes para la imputación -> Materiales: Grupos imputación;Crear grupo de imputación - SD Miscelaneos;Se creó el grupo de imputación solicitado.;;;
IM66014232;SAP FI -  (SAP FICO/HR) - ALTA DE ROL - SAP - VWARESQ - USUARIO NO PUEDE VER PARTIDAS;FICO;SR;PS;Perfiles;Accesos faltantes;Extender perfiles faltantes a usuarios;Acceso a la transacción FBL1n;;;El  usuario no puede ver partidas de provedores en FBL1N;Se le dio acceso a la transacción solicitada.;;;
IM69511421;Créditos y débitos BRIDGE S.R.L.;FICO;SR;FI;Configuración;No acorde a necesidad del negocio;Ajustar configuracion;Facturas a clientes;;;Facturas con campo clasificacion fiscal 9 con valor 2 debe ser cambiado a 4;Ya había sido corregido el cambio. Llegó mal derivado a soporte SAP FICO;;;
IM70528814;SAP FI/Regress Archivos no procesados por SAP REP.KXWI38.0.0219.20191107.TXT/ZQ7;FICO;SR;FI;Proceso;No acorde a necesidad del negocio;Ajustar el proceso y el conocimiento de los proceso por parte de los key users;Interfaz Regress;; ZREGRESS_AUFNR ;De todos los casos procesados por SAP, el correspondiente al perjuicio CAL19-KPM7786878 no fue procesado;Se corrige el archivo con error y de esta manera puede procesarse.;;;
IM62956329;SAP FICO: Modificaciones ARBA y AGIP;FICO;SR;FI;Desarrollos RICEF;Baja performance;Recodificar/Ajustar desarrollo;Retenciones AGIP/ARBA;;ZVWAFITRAP054 ;Modificar el programa que importa los Padrones de AGIP y ARBA para que filtren solo los contribuyentes que están en el maestro de VW;Se cierra porque no hubo respuesta de los usuarios.;;;
IM64000746;SAP CO (P-59) -Automatización Pago Herramentales del Exterior- MINUTA 11/07;FICO;SR;FI;Desarrollos RICEF;No acorde a necesidad del negocio;Recodificar/Ajustar desarrollo;Pagos a proveedores del exterior;;;Implementar Modificaciones al Proceso de Pago de Herramentales del exterior;Se realizaron las modificaciones según el RFC;;;
IM66750262;SAP FI - Cambios relacionados con Regress - SAP;FICO;SR;FI;Desarrollos RICEF;Nuevo requerimiento;Crear nuevo desarrollo;Interfaz Regress;;ZVWASD007;Automatizar todo el proceso de emisión de documentos de regress, ya sea de proveedores locales como del exterior.;Se efectúan las modificaciones solicitadas.;;;
IM68060849;SAP FI (P-59)  -  CREACIÓN DE ACTIVOS FIJOS A TRAVÉS DE LA TRANSACCIÓN AS01;FICO;SR;FI;Configuración;No acorde a necesidad del negocio;Ajustar configuracion;Altas Activos Fijos;;AS01;Es necesario en la creación de Activos Fijos a través de la transacción AS01, que se pueda vincular ese Tooling con el producto TAREK (hoy inexistente y de allí la necesidad del ticket); Los nuevos criterios que asocian al tooling de Tarek / Tarok ya fueron parametrizados y se encuentran en funcionamiento.;;;
IM68060875;SAP FI (P-59) -  CUENTA DEBITOS // PAGO ERROR;FICO;SR;FI;Proceso de atencion;Usuario no responde;Se cierra el ticket por falta de información y tiempo;Pagos;;;Pago error;Se cierra porque no hubo respuesta de los usuarios.;;;
IM68277122;SAP FI (P-59) -SERVICIOS DEL EXTERIOR- WF-SAP FICO;FICO;SR;FI;Desarrollos RICEF;No acorde a necesidad del negocio;Recodificar/Ajustar desarrollo;Contabilización facturas del exterior;;Z_BPM_BI;Modificar el programa Z_BPM_BI para que se registre en BLANCO la moneda de pago, definida en el archivo, para los proveedores con numero de proveedor que se encuentre en el rango de 80280000-80289999 ;Se efectuó la modificación solicitada en el RFC.;;;
